# a_wt_m_clo_01 vc=622 icnt=2622
mtllib a_wt_m_clo_01.mtl
usemtl a_wt_m_clo_01
v -1.083112 -3.137127 4.302407
v -0.862308 -4.436654 2.256485
v 1.134392 -4.731399 2.273793
v -1.190493 0.514478 4.441848
v 4.298041 3.432258 3.154780
v 1.355539 3.438722 3.116491
v 1.417597 0.494819 4.355722
v 1.413982 -2.500332 4.334054
v 0.034890 -4.906363 4.964544
v 0.124899 -5.203255 2.242062
v 3.067237 -4.713619 2.256241
v 2.979488 -4.500737 4.297135
v -1.199731 2.891854 4.802571
v -0.540681 1.818337 5.618097
v 3.647950 -2.852083 -2.313265
v 3.034360 -4.268142 0.011061
v 5.470852 -3.186781 0.008558
v 5.492011 -3.389292 2.134405
v 4.430889 -4.746038 0.672733
v 5.516256 -4.199792 1.432083
v 3.067237 -4.713619 2.256241
v 0.930742 -0.995518 4.372946
v 5.082269 -2.800020 4.066652
v 0.557343 1.441456 3.817527
v 0.218282 0.802972 4.541061
v 0.832802 -3.417057 4.599919
v -0.140340 -4.444429 5.843591
v 1.889158 0.259913 5.487469
v 0.586840 -2.318730 2.038988
v 0.769251 -2.817767 -0.000011
v 0.048087 -2.250560 1.399037
v 0.586840 -2.318730 2.038988
v 0.769251 -2.817767 -0.000011
v -0.007497 -2.603289 -0.000010
v 0.113719 -4.545001 0.011487
v 1.255214 -4.713315 -0.000019
v 1.307632 3.064909 4.011828
v 4.468578 3.250793 3.195721
v -1.473932 4.002726 1.443540
v 4.764043 4.132724 0.000017
v 1.295038 3.858867 -0.009623
v 1.325546 3.629292 1.604887
v 2.291306 3.707192 -0.009147
v 3.082307 -4.258154 -0.000018
v 1.322850 4.382168 0.000018
v 0.756049 1.043744 0.000001
v -1.599247 3.703881 3.387676
v 1.169981 3.444912 3.164416
v 1.714378 -4.565820 4.178979
v -0.408757 1.966144 1.284078
v 3.164628 2.793347 0.778405
v 3.726526 2.126687 3.120383
v 2.276273 2.875752 1.699084
v 2.175209 3.134322 -0.007711
v -0.108059 1.025696 3.835916
v 0.264914 -0.816578 4.662403
v -0.067229 -1.425823 2.131225
v 0.696351 0.063892 4.235146
v 0.266042 0.903645 2.605899
v 0.481527 0.892112 2.441751
v 3.041273 2.341706 -0.002798
v -0.252558 1.792604 0.878663
v -0.694058 2.154403 0.000010
v 0.264914 -0.816578 4.662403
v 0.696351 0.063892 4.235146
v -0.067229 -1.425823 2.131225
v 0.264914 -0.816578 4.662403
v 5.082269 -2.800020 4.066652
v 6.889560 -3.211422 2.259292
v -1.498207 4.082477 -0.010448
v -0.108059 1.025696 3.835916
v 3.726526 2.126687 3.120383
v 2.849137 2.587433 4.591172
v -0.108059 1.025696 3.835916
v -0.938788 -2.218114 -0.914406
v -1.657041 -1.296071 -0.126256
v 4.479081 2.929141 1.228299
v 5.200040 4.296363 -1.023611
v 5.082269 -2.800020 4.066652
v 1.270094 -2.923665 -0.669027
v -1.834725 0.708701 0.640323
v 0.264914 -0.816578 4.662403
v 0.264914 -0.816578 4.662403
v -1.834725 0.708701 0.640323
v 0.378681 -3.346823 4.996826
v -0.074979 0.725868 4.836998
v 0.188399 0.367149 1.447346
v 0.000550 0.472856 2.186616
v 5.728319 -1.739179 -0.106521
v 5.735702 2.988070 0.520936
v 5.463943 3.747782 -1.065248
v 1.735994 2.506481 0.767129
v -0.156575 -3.939099 6.105471
v -0.140340 -4.444429 5.843591
v 3.009125 -1.412040 0.863332
v 6.362605 -1.434593 -0.585878
v 5.880464 -2.045273 -1.906146
v 3.063176 -2.093631 -0.493728
v 2.987899 0.104246 1.507036
v 1.328026 0.083291 1.531959
v 2.878562 2.010488 0.813623
v 3.428982 2.822040 -0.370511
v 5.013757 1.604798 1.466407
v 5.508732 3.126755 -0.548820
v 5.146407 -1.775670 0.781443
v 5.563355 -2.587174 -0.906419
v 5.866970 2.488127 -2.174733
v -0.686065 -3.700320 6.110235
v 6.119022 -0.650082 -2.936209
v 3.518221 -1.622498 -2.095316
v 1.889158 0.259913 5.487469
v 5.004901 -0.065317 1.684965
v 0.409339 1.829809 -0.723066
v 1.059901 1.497358 0.945279
v 1.036341 2.132481 -0.682556
v -0.406101 2.210348 -2.787457
v 1.300270 0.801502 -1.876271
v 1.361403 -1.127166 -1.852883
v -0.235670 -1.303898 -3.158552
v 1.199191 -2.124289 -0.626422
v -0.532158 -3.452257 -0.706831
v 0.993129 -1.929543 1.168342
v -0.626468 -2.267777 1.509300
v -0.207074 1.542388 1.838246
v -0.305747 -0.298318 1.968727
v 0.711910 -0.184342 1.608855
v 6.882827 -3.064621 -0.665115
v 7.435246 -1.175909 -3.201027
v 4.975872 0.963215 -1.134188
v 4.880154 1.133726 0.772332
v 4.706411 -0.107629 1.056741
v 4.944892 1.466882 -0.367839
v 4.811452 -1.493591 0.633934
v 4.956520 -0.529836 -1.276478
v 1.270094 -2.923665 -0.669027
v 0.000550 0.472856 2.186616
v 5.728319 -1.739179 -0.106521
v 0.000550 0.472856 2.186616
v 5.735702 2.988070 0.520936
v 5.200040 4.296363 -1.023611
v -0.540681 1.818337 5.618097
v -0.140340 -4.444429 5.843591
v -0.156575 -3.939099 6.105471
v -0.686065 -3.700320 6.110235
v 5.866970 2.488127 -2.174733
v 7.831872 2.470343 -2.764719
v -0.749462 3.335745 -0.629313
v -0.406101 2.210348 -2.787457
v 1.300270 0.801502 -1.876271
v 4.975872 0.963215 -1.134188
v 4.712941 -1.487051 -0.895841
v 2.791896 1.740210 4.866036
v 3.173957 0.311384 5.031327
v 1.667379 3.217458 3.173607
v 1.170856 4.101063 -0.000011
v 2.808249 3.247187 2.112511
v 3.334830 -2.031928 4.995668
v 3.058501 -3.759073 2.437771
v 1.217679 -4.117310 2.243894
v 2.519348 -1.873212 4.413835
v 0.858837 -2.484635 4.191598
v 0.862418 -4.118317 2.399862
v 2.744178 -3.420793 2.123550
v 2.184459 0.898702 4.698841
v 0.581936 -4.158916 0.000014
v 2.652889 -3.607821 0.000015
v -1.100004 -4.263139 2.419528
v -2.669155 -3.468564 2.764247
v 2.171327 0.161478 -2.818249
v -2.132013 -2.769003 4.981699
v 2.548984 3.108434 -0.969855
v -0.536630 1.438273 -0.797846
v 11.590200 2.983698 -1.085315
v 11.496815 2.966908 1.876522
v 12.061686 1.221044 1.497363
v 10.975126 -4.793880 0.989509
v 11.114344 -3.892499 -2.275493
v 0.808253 -2.490709 -1.420153
v 0.915037 -3.053576 -0.002879
v 0.300371 -1.613508 1.943989
v -0.942810 -1.362735 3.511734
v 9.794037 3.966269 -1.001517
v -1.103483 -0.787760 -3.491498
v 8.341588 -1.009048 3.824993
v 6.387771 -4.315759 0.796835
v 8.823839 -5.233085 0.884735
v 6.384861 -3.548565 -2.035608
v 8.844824 -4.266646 -2.439852
v 1.015371 1.515337 -0.563806
v -0.029552 -0.714867 -2.266762
v 6.482829 -0.113096 -3.482971
v 1.036067 1.275415 1.378618
v 3.007166 1.876117 -0.713594
v 2.882052 -0.421899 -2.349295
v 3.452914 -3.374732 -0.035407
v 4.030272 -1.320411 2.173840
v 3.229395 1.754809 1.370518
v 3.068514 -2.290628 -1.742259
v 9.282035 3.619252 2.296311
v 5.947477 1.811142 -0.474821
v 6.401491 0.249914 -1.877059
v 6.576386 -1.779058 -1.604810
v 6.496703 -2.743693 0.049314
v 6.605361 -0.958515 2.066509
v -0.942810 -1.362735 3.511734
v 0.300371 -1.613508 1.943989
v 8.341588 -1.009048 3.824993
v 4.030272 -1.320411 2.173840
v 5.926698 1.784161 1.282632
v 6.605361 -0.958515 2.066509
v 6.757411 3.698562 -0.877417
v 7.138704 3.345568 2.068250
v 6.552705 -0.538698 3.584794
v 6.420181 -1.667600 3.399773
v 6.552705 -0.538698 3.584794
v -3.565132 1.771893 -0.000011
v -3.567797 1.726926 -0.000010
v 3.323683 -0.166635 3.199217
v -3.567797 1.726926 -0.000010
v -3.543283 1.044133 -0.000008
v 3.197392 -0.165202 3.352388
v 3.323683 -0.166635 3.199217
v -2.501865 -3.524478 0.000007
v 2.675292 -2.483277 2.755473
v -0.236298 -0.216321 2.724251
v 0.141623 4.197839 -0.000013
v -2.946350 3.415541 -0.000015
v 7.831872 2.470343 -2.764719
v 7.549008 3.613081 -0.374197
v 2.422850 -1.430154 3.731545
v 2.276273 2.875752 1.699084
v 3.726526 2.126687 3.120383
v 1.317385 1.854388 2.125240
v 0.218819 2.693770 1.110976
v 2.468798 -0.007025 3.383887
v 0.138069 -0.306483 2.000421
v 0.036142 1.000792 1.441929
v -0.668504 0.794933 1.962064
v 2.081577 1.064720 -2.100841
v 3.007698 -3.935656 0.000017
v 1.209674 -4.175041 -0.000017
v 1.218762 0.205769 -1.302461
v 1.818988 0.459739 1.234979
v 2.326784 -0.050775 0.000004
v 0.484502 -0.278594 2.695396
v 2.081577 1.064720 -2.100841
v 2.214686 1.413124 0.000001
v 1.231971 0.141035 -0.107550
v 1.017685 2.754975 0.048349
v 0.827668 0.884408 1.125620
v 4.667694 4.507634 0.000019
v 1.218762 0.205769 -1.302461
v 0.484502 -0.278594 2.695396
v 1.818988 0.459739 1.234979
v 2.214686 1.413124 0.000001
v 0.827668 0.884408 1.125620
v 1.017685 2.754975 0.048349
v 1.231971 0.141035 -0.107550
v 2.549817 -2.028013 4.906184
v 3.682986 1.101102 1.087970
v 4.013084 0.960932 -0.537088
v 2.111428 -3.105242 3.910956
v 2.926873 -1.003764 3.801561
v 2.405840 0.676890 5.093331
v 3.829104 0.086009 1.160041
v -0.566697 -0.795747 4.595295
v 7.340195 0.528242 1.310911
v 6.649269 1.333314 1.548762
v 7.013065 1.202954 -0.372661
v 3.820394 -0.374441 -3.890029
v 1.219451 0.186112 -4.107561
v 1.667378 3.320236 3.568175
v 1.894901 -3.875778 2.698199
v 4.297807 0.265175 -2.166668
v 4.629591 0.109385 -0.316516
v 1.894903 -4.072610 0.000015
v 0.503768 4.335780 -0.439647
v 1.332632 0.122606 -0.847960
v 3.940506 0.918893 -1.852504
v 1.312347 0.445072 -1.823647
v 1.643558 1.070750 0.000001
v 4.248753 1.486774 0.000001
v 3.631013 -0.162413 -3.937024
v 2.144470 3.686827 3.887630
v 8.084143 2.094612 0.000001
v 1.208568 1.415336 -2.029951
v 0.916597 0.435453 -4.015799
v 5.654145 2.766524 0.000005
v 6.996767 2.907577 0.000006
v 5.375357 1.926038 -2.146536
v 3.693805 -0.348365 3.854319
v 9.065344 -0.422970 -3.871880
v 1.275210 4.506803 -0.523923
v 3.718351 0.174468 -1.292734
v -1.471112 -2.289703 1.510098
v -1.307131 -0.363113 2.083393
v -1.573401 1.790687 1.994730
v 2.276273 2.875752 1.699084
v 3.344735 3.322688 -0.008076
v -0.059009 4.060357 1.878571
v 2.389856 3.519417 3.870210
v 1.907441 3.726309 0.585579
v 3.007891 -1.748774 1.046161
v 0.360254 1.161222 4.166811
v -1.027294 3.704134 3.457443
v 1.271962 -2.890657 -0.670419
v 3.930895 -3.090323 0.391981
v 2.606132 -1.916072 2.283050
v 5.622208 -1.704854 -0.127119
v 5.096832 4.189846 -1.068339
v 4.243908 3.762125 0.595043
v 4.960764 3.302246 -0.668975
v -0.140340 -4.444429 5.843591
v -0.540681 1.818337 5.618097
v 5.293432 -2.754118 -2.190625
v 5.649974 2.881721 0.482269
v 2.632527 3.062982 2.428535
v 1.991036 0.277745 3.381579
v 0.188399 0.367149 1.447346
v 0.557343 1.441456 3.817527
v 5.082269 -2.800020 4.066652
v 2.949287 -4.033145 4.242876
v 0.264914 -0.816578 4.662403
v 3.013842 -4.479603 1.110923
v 3.695176 -4.850663 0.339127
v 5.788651 2.795706 -2.070530
v 1.698640 -3.347601 4.687792
v 3.862847 -3.100810 -2.119120
v -0.668949 -1.804962 0.064570
v 3.782464 2.694770 2.654296
v 2.912073 3.202686 -0.007813
v 1.951971 3.309942 -0.008175
v 2.842004 -3.128191 -4.302433
v 1.134388 -4.731380 -2.273832
v 3.048831 -4.430032 -2.256522
v 2.773865 0.524359 -4.441844
v 1.417596 0.494855 -4.355717
v 1.355540 3.438749 -3.116461
v 4.241293 3.551494 -3.104429
v 1.413979 -2.500295 -4.334074
v 0.035788 -4.931373 -4.939696
v 2.982420 -4.511555 -4.275549
v 3.068508 -4.722908 -2.232588
v 0.125303 -5.214510 -2.215734
v -1.198859 2.867565 -4.817336
v 3.663083 -2.839806 2.311088
v -0.540139 1.803238 -5.622618
v 5.493449 -3.397243 -2.116459
v 4.431006 -4.749373 -0.647928
v 3.068508 -4.722908 -2.232588
v 5.517126 -4.206110 -1.409991
v 0.931385 -0.995745 -4.370264
v 0.548029 1.448952 -3.815726
v 5.084010 -2.813753 -4.051661
v 0.218287 0.803010 -4.541055
v 1.889159 0.259949 -5.487464
v -0.139525 -4.467284 -5.825953
v 0.832803 -3.417019 -4.599946
v 6.522093 -1.763711 -2.036475
v 0.048087 -2.250548 -1.399054
v 6.522093 -1.763711 -2.036475
v 1.307633 3.064943 -4.011801
v 4.414453 3.373150 -3.149009
v -1.473666 3.995387 -1.464008
v 1.325840 3.621141 -1.622945
v -1.598628 3.686725 -3.406635
v 1.170559 3.428888 -3.181553
v 1.714379 -4.565785 -4.179016
v -0.407654 1.966606 -1.314548
v 3.725478 2.118800 -3.130591
v 3.164772 2.789317 -0.817631
v 2.276582 2.867136 -1.713158
v -0.108537 1.019915 -3.839575
v 2.314596 0.415242 -2.106659
v 0.696386 0.063898 -4.234991
v -0.067229 -1.425806 -2.131235
v 0.266730 0.896761 -2.608911
v -0.668507 0.794950 -1.962055
v 0.507239 0.883938 -2.425771
v -0.252558 1.792611 -0.878646
v 2.314596 0.415242 -2.106659
v 0.696386 0.063898 -4.234991
v 2.314596 0.415242 -2.106659
v -0.067229 -1.425806 -2.131235
v 5.084010 -2.813753 -4.051661
v 6.891086 -3.219843 -2.241530
v -0.108537 1.019915 -3.839575
v 3.725478 2.118800 -3.130591
v -0.108537 1.019915 -3.839575
v 2.848761 2.570852 -4.603862
v -0.935254 -2.218201 0.909950
v -1.655032 -1.296111 0.123756
v 4.463215 2.929165 -1.228282
v 5.084010 -2.813753 -4.051661
v 5.182001 4.296381 1.023632
v 1.274658 -2.923780 0.663352
v -1.835949 0.708758 -0.638793
v 2.314596 0.415242 -2.106659
v -1.835949 0.708758 -0.638793
v 2.314596 0.415242 -2.106659
v 4.301459 -3.353576 -4.996854
v 3.891590 0.723754 -4.836991
v 0.187948 0.367187 -1.446786
v 5.732547 -1.739159 0.106508
v -0.000046 0.472899 -2.185866
v 5.723436 2.988093 -0.520938
v 5.447457 3.747801 1.065265
v 1.736003 2.506505 -0.767120
v -0.139525 -4.467284 -5.825953
v -0.155722 -3.962994 -6.089805
v 3.009120 -1.412014 -0.863333
v 3.063173 -2.093609 0.493725
v 5.886576 -2.045257 1.906128
v 6.366355 -1.434571 0.585868
v 2.987905 0.104273 -1.507031
v 1.328029 0.083315 -1.531956
v 2.878570 2.010514 -0.813615
v 3.428989 2.822063 0.370522
v 5.508736 3.126782 0.548828
v 5.013766 1.604828 -1.466398
v 5.146407 -1.775641 -0.781443
v 5.563347 -2.587150 0.906416
v -0.685512 -3.715798 -6.100576
v 5.866973 2.488149 2.174742
v 6.119018 -0.650062 2.936210
v 3.518216 -1.622480 2.095316
v 1.889159 0.259949 -5.487464
v 5.004903 -0.065287 -1.684962
v 0.408808 1.829837 0.723080
v 1.035431 2.132509 0.682571
v 1.056659 1.497393 -0.945263
v -0.404670 2.210369 2.787467
v -0.232130 -1.303877 3.158548
v 1.365919 -1.127140 1.852875
v 1.302883 0.801527 1.876276
v 1.202472 -2.124259 0.626412
v -0.529768 -3.452230 0.706821
v -0.626692 -2.267742 -1.509304
v 0.992935 -1.929507 -1.168348
v -0.209524 1.542424 -1.838232
v 0.709156 -0.184304 -1.608847
v -0.309047 -0.298280 -1.968721
v 7.435236 -1.175889 3.201027
v 6.882821 -3.064594 0.665110
v 4.976964 0.963247 1.134193
v 4.877594 1.133765 -0.772325
v 4.704587 -0.107589 -1.056738
v 4.944077 1.466916 0.367847
v 4.811795 -1.493552 -0.633942
v 4.959380 -0.529804 1.276474
v 1.274658 -2.923780 0.663352
v -0.000046 0.472899 -2.185866
v 5.732547 -1.739159 0.106508
v 5.723436 2.988093 -0.520938
v -0.000046 0.472899 -2.185866
v 5.182001 4.296381 1.023632
v -0.540139 1.803238 -5.622618
v -0.155722 -3.962994 -6.089805
v -0.139525 -4.467284 -5.825953
v -0.685512 -3.715798 -6.100576
v 5.866973 2.488149 2.174742
v 7.831875 2.470366 2.764730
v -0.750554 3.335773 0.629329
v -0.404670 2.210369 2.787467
v 1.302883 0.801527 1.876276
v 4.976964 0.963247 1.134193
v 4.716071 -1.487018 0.895833
v 3.173969 0.311355 -5.031320
v 2.791909 1.740182 -4.866038
v 1.667386 3.217440 -3.173622
v 2.808239 3.247177 -2.112501
v 1.217680 -4.117291 -2.243928
v 3.058509 -3.759088 -2.437740
v 3.334842 -2.031957 -4.995647
v 2.519358 -1.873238 -4.413816
v 2.744184 -3.420806 -2.123521
v 0.862424 -4.118332 -2.399834
v 0.858849 -2.484661 -4.470539
v 2.184470 0.499445 -4.738316
v -1.099997 -4.263154 -2.419504
v -2.669146 -3.468581 -2.764232
v 2.149812 0.162648 2.593552
v -2.132001 -2.769034 -4.981687
v 2.549678 2.963146 0.968814
v -0.536626 1.438259 0.797846
v 12.061682 1.221036 -1.497362
v 11.496798 2.966900 -1.876517
v 11.593027 2.789660 1.083468
v 10.974999 -4.793851 -0.989524
v 0.915031 -3.053590 0.002864
v 0.808248 -2.490727 1.420141
v 11.114244 -3.892483 2.275480
v 0.300371 -1.613515 -1.943997
v -0.942338 -1.363064 -3.511742
v 9.794038 3.966255 1.001523
v -1.103485 -0.787785 3.491492
v 8.341571 -1.009063 -3.824998
v 8.823825 -5.233097 -0.884855
v 6.387770 -4.315773 -0.796825
v 8.844829 -4.266660 2.439837
v 6.384868 -3.548577 2.035595
v 1.015376 1.515324 0.563808
v -0.029554 -0.714887 2.266756
v 6.482839 -0.113121 3.482968
v 1.036072 1.275408 -1.378615
v 2.882047 -0.421921 2.349289
v 3.007169 1.876102 0.713596
v 3.452905 -3.374746 0.035391
v 4.030270 -1.320417 -2.173850
v 3.229398 1.754802 -1.370515
v 3.068507 -2.290647 1.742247
v 9.282024 3.619238 -2.296299
v 6.401485 0.249895 1.877055
v 5.947478 1.811129 0.474824
v 6.576377 -1.779077 1.604797
v 6.496693 -2.743707 -0.049330
v 6.605357 -0.958521 -2.066518
v -0.942338 -1.363064 -3.511742
v 0.300371 -1.613515 -1.943997
v 8.341571 -1.009063 -3.824998
v 4.030270 -1.320417 -2.173850
v 5.926700 1.784153 -1.282629
v 6.605357 -0.958521 -2.066518
v 6.758886 3.563126 0.876248
v 7.138691 3.345557 -2.068239
v 6.552689 -0.538713 -3.584796
v 6.420168 -1.667613 -3.399779
v 6.552689 -0.538713 -3.584796
v 3.323673 -0.166645 -3.199214
v 3.323673 -0.166645 -3.199214
v 2.675283 -2.483284 -2.755481
v 0.138070 -0.306466 -2.000422
v -0.228127 -0.218268 -2.708446
v 7.831875 2.470366 2.764730
v 7.549014 3.613110 0.374210
v 2.421258 -1.439779 -3.726782
v 2.276582 2.867136 -1.713158
v 0.218454 2.693917 -1.112458
v 1.318850 1.853325 -2.125834
v 3.725478 2.118800 -3.130591
v 2.468789 -0.006995 -3.383886
v 0.036139 1.000805 -1.441919
v 2.081577 1.064721 2.100843
v 1.218829 -0.205996 -1.302646
v 2.259236 -0.182373 -5.735997
v 1.819054 -0.459968 1.234793
v 2.081577 1.064721 2.100843
v 1.109719 0.016107 -2.435573
v 0.827632 -0.884271 1.125489
v 2.259236 -0.182373 -5.735997
v 1.218829 -0.205996 -1.302646
v 1.819054 -0.459968 1.234793
v 0.827632 -0.884271 1.125489
v 1.109719 0.016107 -2.435573
v 2.549829 -2.028043 -4.906165
v 2.111439 -3.105265 -3.910931
v 4.013050 -0.960793 -0.537219
v 3.682952 -1.100964 1.087839
v 3.172445 0.951745 3.906995
v 2.405853 0.676861 -5.093329
v 3.984364 -0.152748 0.977928
v -0.566749 0.795870 4.595165
v 7.319774 -0.533386 0.887009
v 6.649232 -1.333176 1.548630
v 7.013031 -1.202814 -0.372793
v 0.960436 0.222463 2.694667
v 1.964836 0.712073 1.869611
v 4.471718 0.281424 1.621069
v 3.980136 -0.349938 3.882737
v 1.667386 3.320215 -3.568191
v 1.894909 -3.875794 -2.698170
v 4.027244 -3.447294 -0.001210
v 0.685106 -4.123518 -0.453360
v 1.211177 4.190092 -0.676150
v 3.940506 0.918892 1.852506
v 1.312347 0.445073 1.823650
v 2.144480 3.686805 -3.887647
v 3.630649 -0.179613 3.937026
v 1.208565 1.415331 2.029957
v 0.761098 0.088406 3.107788
v 5.375357 1.926032 2.146543
v 3.930319 0.773908 4.096910
v 9.065359 -0.422987 3.871874
v 1.463161 -4.261051 -0.538135
v -1.471307 -2.289670 -1.510103
v -1.308826 -0.363077 -2.083391
v -1.576088 1.790722 -1.994714
v 2.276582 2.867136 -1.713158
v -0.058668 4.050818 -1.899062
v 1.907549 3.723305 -0.604031
v 2.390556 3.499827 -3.887486
v 3.012951 -1.748757 -1.046168
v 1.997003 -1.463398 -1.379217
v -1.026669 3.686626 -3.476294
v 1.276480 -2.890772 0.664808
v 5.626372 -1.704835 0.127107
v 2.606130 -1.916043 -2.283054
v 3.934296 -3.076110 -0.393835
v 5.079335 4.189865 1.068360
v -0.139525 -4.467284 -5.825953
v 4.959379 3.316933 0.677858
v 4.243062 3.772381 -0.589079
v -0.540139 1.803238 -5.622618
v 5.296917 -2.738167 2.189271
v 5.638170 2.881739 -0.482293
v 2.632539 3.063010 -2.428523
v 0.187948 0.367187 -1.446786
v 1.991043 0.277775 -3.381575
v 0.548029 1.448952 -3.815726
v 2.951927 -4.043830 -4.223591
v 5.084010 -2.813753 -4.051661
v 2.314596 0.415242 -2.106659
v 3.695236 -4.852312 -0.313936
v 3.014864 -4.484156 -1.088541
v 5.786808 2.812584 2.081288
v 1.698641 -3.347561 -4.687819
v 3.879028 -3.087881 2.116771
v -0.666134 -1.805025 -0.068065
v 3.781793 2.685387 -2.667231
v 1.211173 4.190096 0.676128
v 4.251488 0.234206 -1.826517
v 2.054986 0.660167 -2.314709
vn -0.2777 -0.5441 0.7917
vn -0.1346 -0.9597 0.2469
vn -0.2231 -0.9688 0.1082
vn -0.1866 0.2094 0.9599
vn 0.2817 0.7512 0.5969
vn 0.1704 0.7487 0.6406
vn 0.1843 0.1966 0.9630
vn 0.1233 -0.4358 0.8915
vn -0.1330 -0.9537 0.2698
vn 0.0748 -0.9940 -0.0801
vn 0.3125 -0.9471 0.0732
vn 0.4137 -0.8983 0.1483
vn -0.2443 0.6548 0.7152
vn -0.4937 0.6600 0.5662
vn 0.3498 -0.9265 0.1390
vn 0.2789 -0.9603 0.0020
vn 0.5806 -0.8142 0.0017
vn 0.6820 -0.7174 0.1423
vn 0.1007 -0.9701 0.2209
vn 0.3093 -0.8513 0.4238
vn 0.3125 -0.9471 0.0732
vn 0.3633 -0.1131 0.9248
vn 0.6178 -0.6465 0.4477
vn 0.6770 0.4215 0.6034
vn 0.1583 0.3015 0.9402
vn -0.1651 -0.5702 0.8048
vn -0.4248 -0.6498 0.6303
vn -0.8198 0.5330 0.2093
vn 0.4890 -0.7845 0.3813
vn 0.2584 -0.9660 -0.0001
vn 0.3802 -0.8203 0.4272
vn 0.4890 -0.7845 0.3813
vn 0.2584 -0.9660 -0.0001
vn 0.3290 -0.9443 -0.0000
vn 0.2067 -0.9784 0.0014
vn -0.0023 -1.0000 -0.0000
vn -0.3876 0.6169 0.6849
vn 0.0466 0.7697 0.6367
vn -0.1501 0.9800 0.1309
vn 0.5694 0.8221 0.0043
vn 0.1303 0.9915 -0.0025
vn 0.3372 0.9218 0.1915
vn 0.3329 0.9430 -0.0024
vn -0.1183 -0.9930 -0.0000
vn 0.0999 0.9950 0.0000
vn -0.2221 0.9750 -0.0000
vn -0.2264 0.9197 0.3208
vn 0.2653 0.9440 0.1962
vn -0.5401 -0.7959 0.2736
vn 0.6504 0.7079 0.2755
vn 0.5624 0.8156 -0.1360
vn 0.6523 0.7552 0.0653
vn 0.2685 0.9474 0.1743
vn 0.4435 0.8963 -0.0025
vn 0.7847 0.6068 0.1269
vn 0.7594 -0.4637 0.4564
vn 0.7198 -0.4286 0.5461
vn 0.8847 0.2570 0.3888
vn 0.6221 0.7188 0.3103
vn 0.4578 0.7159 0.5272
vn 0.5164 0.8563 -0.0075
vn 0.1646 0.7694 0.6172
vn 0.1764 0.9843 0.0004
vn 0.6866 -0.1377 0.7139
vn 0.2924 0.4193 0.8595
vn 0.7198 -0.4286 0.5461
vn 0.7594 -0.4637 0.4564
vn 0.6178 -0.6465 0.4477
vn 0.3827 -0.7413 0.5514
vn -0.1210 0.9926 -0.0026
vn 0.6922 0.5096 0.5110
vn 0.3668 0.8773 0.3094
vn 0.3905 0.8845 0.2553
vn 0.6922 0.5096 0.5110
vn -0.2843 -0.7859 0.5491
vn -0.6302 -0.5319 0.5656
vn 0.1898 0.5615 0.8054
vn 0.5601 0.8006 0.2131
vn 0.6178 -0.6465 0.4477
vn 0.1169 -0.9227 0.3673
vn -0.6949 0.0443 0.7177
vn 0.6866 -0.1377 0.7139
vn 0.6866 -0.1377 0.7139
vn -0.6949 0.0443 0.7177
vn 0.0931 -0.4417 0.8923
vn 0.1261 0.2764 0.9527
vn 0.6808 -0.0087 0.7324
vn 0.2015 -0.0417 0.9786
vn 0.4608 -0.7484 0.4771
vn 0.6047 0.5573 0.5690
vn 0.7652 0.6385 0.0826
vn 0.1914 0.5413 0.8188
vn -0.5556 -0.5285 0.6418
vn -0.4248 -0.6498 0.6303
vn 0.0473 -0.6462 0.7617
vn 0.6690 -0.6279 0.3976
vn 0.5446 -0.8371 -0.0514
vn 0.1511 -0.9679 0.2006
vn -0.0461 -0.0423 0.9980
vn -0.0245 -0.0158 0.9996
vn 0.0494 0.5744 0.8171
vn 0.1133 0.9276 0.3560
vn -0.1732 0.4931 0.8526
vn -0.1323 0.9820 0.1348
vn -0.2486 -0.7335 0.6325
vn -0.2246 -0.9571 -0.1831
vn -0.0530 0.6583 -0.7509
vn -0.1606 -0.7446 -0.6480
vn -0.1569 -0.2312 -0.9602
vn 0.3416 -0.8348 -0.4318
vn -0.8198 0.5330 0.2093
vn -0.1698 -0.1530 0.9735
vn 0.3864 0.9164 -0.1044
vn 0.1922 0.7691 0.6095
vn -0.1362 0.9681 -0.2102
vn 0.4242 0.5279 -0.7358
vn 0.3713 0.3541 -0.8583
vn 0.3989 -0.4088 -0.8209
vn 0.3371 -0.3420 -0.8772
vn 0.3552 -0.9134 -0.1990
vn 0.1899 -0.9762 -0.1051
vn 0.2450 -0.7202 0.6490
vn 0.1901 -0.6385 0.7458
vn 0.3731 0.4866 0.7899
vn 0.2213 -0.0893 0.9711
vn 0.2877 0.0030 0.9577
vn -0.3304 -0.9384 -0.1015
vn -0.1393 -0.3562 -0.9240
vn 0.1803 0.4972 -0.8487
vn 0.1253 0.7033 0.6998
vn 0.1375 -0.0323 0.9900
vn 0.1622 0.9787 -0.1258
vn 0.1902 -0.7840 0.5909
vn 0.1764 -0.1191 -0.9771
vn 0.1169 -0.9227 0.3673
vn 0.2015 -0.0417 0.9786
vn 0.4608 -0.7484 0.4771
vn 0.2015 -0.0417 0.9786
vn 0.6047 0.5573 0.5690
vn 0.5601 0.8006 0.2131
vn -0.4937 0.6600 0.5662
vn -0.4248 -0.6498 0.6303
vn -0.5556 -0.5285 0.6418
vn -0.1606 -0.7446 -0.6480
vn -0.0530 0.6583 -0.7509
vn 0.0028 0.6076 -0.7942
vn 0.4710 0.8821 -0.0104
vn 0.4242 0.5279 -0.7358
vn 0.3713 0.3541 -0.8583
vn 0.1803 0.4972 -0.8487
vn 0.2087 -0.8084 -0.5505
vn 0.4711 0.3576 0.8063
vn 0.4763 0.1210 0.8709
vn 0.0732 0.8456 0.5288
vn -0.0715 0.9974 -0.0000
vn 0.2791 0.9468 0.1605
vn 0.4713 -0.4506 0.7582
vn 0.3395 -0.8903 0.3035
vn -0.0136 -0.9464 0.3226
vn 0.0666 -0.4184 0.9058
vn 0.1589 -0.5738 0.8034
vn 0.1957 -0.9160 0.3502
vn 0.3702 -0.8749 0.3123
vn 0.2212 0.1953 0.9555
vn 0.0751 -0.9972 0.0000
vn 0.3015 -0.9535 0.0000
vn -0.2185 -0.9232 0.3161
vn -0.0447 -0.9984 0.0343
vn -0.1583 0.1000 -0.9823
vn 0.2257 -0.7131 0.6638
vn -0.0806 0.8509 -0.5190
vn 0.6360 0.6794 -0.3660
vn 0.6911 0.6192 -0.3727
vn 0.6325 0.6201 0.4641
vn 0.7080 0.4576 0.5380
vn 0.4312 -0.8385 0.3330
vn 0.4369 -0.6636 -0.6073
vn 0.4066 -0.5878 -0.6994
vn 0.4242 -0.8999 0.1010
vn 0.4959 -0.2043 0.8440
vn 0.4482 -0.0398 0.8931
vn 0.1842 0.9084 -0.3752
vn 0.4341 0.1694 -0.8848
vn 0.0112 -0.1321 0.9912
vn -0.2187 -0.9374 0.2711
vn -0.0812 -0.9504 0.3001
vn -0.2523 -0.7218 -0.6444
vn -0.0680 -0.7474 -0.6609
vn -0.0981 0.9247 -0.3678
vn 0.4637 0.2727 -0.8430
vn -0.1440 0.1168 -0.9827
vn -0.0862 0.7305 0.6775
vn -0.0903 0.9044 -0.4171
vn -0.0192 0.1491 -0.9886
vn 0.0776 -0.9947 0.0671
vn 0.0347 -0.2971 0.9542
vn -0.0730 0.7815 0.6196
vn 0.0337 -0.6058 -0.7949
vn 0.0973 0.7796 0.6186
vn 0.0427 0.9167 -0.3972
vn 0.1026 0.2931 -0.9505
vn 0.1516 -0.5527 -0.8194
vn 0.1796 -0.9784 0.1021
vn 0.0865 -0.2809 0.9558
vn 0.4482 -0.0398 0.8931
vn 0.4959 -0.2043 0.8440
vn 0.0112 -0.1321 0.9912
vn 0.0347 -0.2971 0.9542
vn 0.0123 0.7730 0.6342
vn 0.0865 -0.2809 0.9558
vn -0.0854 0.9081 -0.4100
vn -0.0794 0.7897 0.6083
vn -0.0917 0.1184 0.9887
vn -0.0419 -0.4565 0.8887
vn -0.0917 0.1184 0.9887
vn -0.9919 0.1272 -0.0000
vn -0.9984 0.0563 -0.0000
vn 0.4003 -0.0483 0.9151
vn -0.9984 0.0563 -0.0000
vn 0.9384 -0.0049 -0.3456
vn 0.9698 -0.2346 0.0662
vn 0.4003 -0.0483 0.9151
vn -0.7074 -0.7069 -0.0000
vn 0.5546 -0.6320 0.5413
vn 0.8404 0.3077 0.4462
vn 0.0398 0.9992 -0.0000
vn -0.6599 0.7513 -0.0000
vn 0.0028 0.6076 -0.7942
vn 0.0604 0.9893 0.1325
vn 0.3615 -0.1167 0.9251
vn 0.3628 0.9027 0.2311
vn 0.3668 0.8773 0.3094
vn 0.4485 0.7480 0.4892
vn 0.4456 0.8651 0.2304
vn 0.4299 0.4151 0.8018
vn 0.8185 0.2511 0.5167
vn 0.3157 0.5772 0.7531
vn 0.4287 0.6709 0.6051
vn 0.6862 0.6664 -0.2917
vn 0.3109 -0.9505 0.0000
vn 0.0409 -0.9992 -0.0000
vn 0.5160 0.7848 -0.3432
vn 0.7561 0.6531 -0.0419
vn -0.9966 -0.0828 -0.0000
vn 0.5648 0.5298 0.6327
vn 0.6862 0.6664 -0.2917
vn 0.7047 0.7095 -0.0000
vn 0.7594 -0.0061 -0.6505
vn 0.6684 0.3201 -0.6714
vn 0.6230 0.7415 0.2490
vn 0.5770 0.8167 0.0017
vn 0.5160 0.7848 -0.3432
vn 0.5648 0.5298 0.6327
vn 0.7561 0.6531 -0.0419
vn 0.7047 0.7095 -0.0000
vn 0.6230 0.7415 0.2490
vn 0.6684 0.3201 -0.6714
vn 0.7594 -0.0061 -0.6505
vn 0.4662 -0.3600 0.8081
vn -0.1708 0.9569 0.2348
vn -0.1262 0.9570 -0.2611
vn 0.4255 -0.7603 0.4909
vn -0.2579 0.5691 0.7808
vn 0.4079 0.2613 0.8748
vn -0.1566 0.9826 0.1002
vn -0.2110 0.5835 0.7842
vn -0.1160 0.9738 0.1956
vn -0.1263 0.9627 0.2392
vn -0.0942 0.9714 -0.2181
vn -0.2051 0.9042 -0.3745
vn -0.1480 0.9463 -0.2874
vn 0.3124 0.7720 0.5536
vn 0.3533 -0.9005 0.2534
vn -0.1291 0.8415 -0.5245
vn -0.1605 0.0031 -0.9870
vn 0.3141 -0.9494 0.0000
vn -0.1899 0.2804 -0.9409
vn -0.1743 -0.0021 -0.9847
vn -0.1497 0.9215 -0.3583
vn -0.1601 0.9154 -0.3693
vn -0.1715 0.9852 -0.0000
vn -0.1570 0.9876 -0.0000
vn -0.1453 0.8917 -0.4287
vn 0.1596 0.8966 0.4130
vn -0.1286 0.9917 -0.0000
vn -0.1381 0.9195 -0.3681
vn -0.1435 0.8951 -0.4222
vn -0.1261 0.9920 0.0000
vn -0.1045 0.9945 0.0000
vn -0.1259 0.9216 -0.3671
vn -0.0176 0.9130 0.4076
vn 0.0224 0.0991 -0.9948
vn -0.1661 0.2279 -0.9594
vn -0.1832 -0.0023 -0.9831
vn -0.1433 -0.6545 0.7423
vn -0.0316 -0.1071 0.9937
vn -0.0731 0.4938 0.8665
vn 0.3628 0.9027 0.2311
vn 0.3429 0.9394 -0.0023
vn 0.1025 0.9846 0.1414
vn 0.3158 0.9166 0.2450
vn 0.3038 0.9526 0.0154
vn 0.0991 -0.7952 0.5982
vn 0.8443 0.5153 0.1470
vn 0.0186 0.9609 0.2763
vn -0.1841 -0.9683 0.1687
vn -0.1272 -0.9889 0.0771
vn -0.4110 -0.7090 0.5731
vn 0.1413 -0.7661 0.6270
vn 0.1265 0.9265 0.3545
vn -0.0052 1.0000 0.0048
vn 0.2490 0.9586 -0.1382
vn -0.1420 -0.9890 -0.0418
vn -0.2466 0.9448 -0.2156
vn -0.0706 -0.9837 -0.1653
vn 0.1147 0.5509 0.8267
vn -0.4943 0.7351 0.4640
vn -0.6927 -0.0149 0.7211
vn -0.7214 0.0456 0.6910
vn 0.6770 0.4215 0.6034
vn 0.7567 -0.5674 0.3247
vn 0.4951 -0.8125 0.3077
vn 0.7594 -0.4637 0.4564
vn -0.1988 -0.9789 -0.0476
vn -0.0496 -0.9165 0.3969
vn 0.3397 0.9012 -0.2692
vn -0.5504 -0.7864 -0.2804
vn 0.4012 -0.8927 0.2052
vn -0.3034 -0.7075 0.6382
vn 0.5594 0.8249 0.0813
vn 0.1110 0.9938 -0.0015
vn 0.1089 0.9941 -0.0022
vn -0.2835 -0.5411 -0.7917
vn -0.2265 -0.9679 -0.1087
vn -0.1449 -0.9582 -0.2469
vn -0.1861 0.2094 -0.9599
vn 0.1843 0.1966 -0.9630
vn 0.1658 0.7486 -0.6420
vn 0.2611 0.7681 -0.5847
vn 0.1233 -0.4358 -0.8915
vn -0.1333 -0.9545 -0.2669
vn 0.4152 -0.8974 -0.1496
vn 0.3127 -0.9473 -0.0699
vn 0.0695 -0.9939 0.0853
vn -0.2459 0.6507 -0.7185
vn 0.3469 -0.9280 -0.1359
vn -0.4958 0.6601 -0.5643
vn 0.6820 -0.7179 -0.1395
vn 0.1004 -0.9710 -0.2168
vn 0.3127 -0.9473 -0.0699
vn 0.3093 -0.8529 -0.4207
vn 0.3637 -0.1148 -0.9244
vn 0.6758 0.4241 -0.6029
vn 0.6169 -0.6478 -0.4470
vn 0.1550 0.3037 -0.9401
vn -0.8200 0.5332 -0.2083
vn -0.4211 -0.6531 -0.6294
vn -0.1646 -0.5687 -0.8059
vn 0.7366 -0.5580 -0.3821
vn 0.3812 -0.8202 -0.4266
vn 0.7366 -0.5580 -0.3821
vn -0.3690 0.6009 -0.7090
vn 0.0644 0.7687 -0.6364
vn -0.1399 0.9817 -0.1293
vn 0.3372 0.9208 -0.1961
vn -0.2094 0.9194 -0.3328
vn 0.2652 0.9436 -0.1982
vn -0.5485 -0.7911 -0.2707
vn 0.6530 0.7064 -0.2731
vn 0.6491 0.7575 -0.0692
vn 0.5584 0.8203 0.1241
vn 0.2638 0.9478 -0.1793
vn 0.7837 0.6078 -0.1278
vn 0.2242 0.1598 -0.9614
vn 0.8844 0.2594 -0.3880
vn 0.7208 -0.4276 -0.5456
vn 0.6239 0.7164 -0.3122
vn 0.4295 0.6666 -0.6092
vn 0.4599 0.7107 -0.5323
vn 0.1722 0.7721 -0.6117
vn 0.5205 -0.1169 -0.8458
vn 0.2922 0.4184 -0.8600
vn 0.2242 0.1598 -0.9614
vn 0.7208 -0.4276 -0.5456
vn 0.6169 -0.6478 -0.4470
vn 0.3829 -0.7430 -0.5490
vn 0.6912 0.5101 -0.5119
vn 0.3653 0.8774 -0.3111
vn 0.6912 0.5101 -0.5119
vn 0.3901 0.8861 -0.2502
vn -0.2915 -0.7878 -0.5427
vn -0.6307 -0.5329 -0.5641
vn 0.1904 0.5614 -0.8054
vn 0.6169 -0.6478 -0.4470
vn 0.5609 0.7991 -0.2165
vn 0.1188 -0.9240 -0.3635
vn -0.6946 0.0445 -0.7180
vn 0.5205 -0.1169 -0.8458
vn -0.6946 0.0445 -0.7180
vn 0.5205 -0.1169 -0.8458
vn 0.0884 -0.4426 -0.8923
vn 0.1319 0.2721 -0.9532
vn 0.6805 -0.0059 -0.7327
vn 0.4612 -0.7478 -0.4776
vn 0.2019 -0.0396 -0.9786
vn 0.6013 0.5597 -0.5702
vn 0.7627 0.6412 -0.0847
vn 0.1880 0.5444 -0.8175
vn -0.4211 -0.6531 -0.6294
vn -0.5546 -0.5251 -0.6455
vn 0.0482 -0.6460 -0.7618
vn 0.1505 -0.9685 -0.1984
vn 0.5449 -0.8368 0.0535
vn 0.6698 -0.6269 -0.3979
vn -0.0459 -0.0421 -0.9981
vn -0.0246 -0.0150 -0.9996
vn 0.0494 0.5744 -0.8171
vn 0.1115 0.9268 -0.3587
vn -0.1308 0.9820 -0.1362
vn -0.1733 0.4931 -0.8525
vn -0.2486 -0.7335 -0.6325
vn -0.2246 -0.9571 0.1831
vn -0.1694 -0.7480 0.6418
vn -0.0491 0.6586 0.7509
vn -0.1563 -0.2317 0.9601
vn 0.3376 -0.8354 0.4337
vn -0.8200 0.5332 -0.2083
vn -0.1699 -0.1530 -0.9735
vn 0.3862 0.9165 0.1038
vn -0.1363 0.9681 0.2104
vn 0.1923 0.7691 -0.6095
vn 0.4241 0.5282 0.7356
vn 0.3370 -0.3420 0.8772
vn 0.3986 -0.4088 0.8210
vn 0.3712 0.3545 0.8582
vn 0.3550 -0.9135 0.1987
vn 0.1901 -0.9761 0.1049
vn 0.1900 -0.6383 -0.7459
vn 0.2450 -0.7200 -0.6493
vn 0.3732 0.4865 -0.7900
vn 0.2876 0.0032 -0.9577
vn 0.2212 -0.0891 -0.9711
vn -0.1394 -0.3562 0.9240
vn -0.3301 -0.9385 0.1015
vn 0.1803 0.4970 0.8488
vn 0.1253 0.7034 -0.6997
vn 0.1374 -0.0323 -0.9900
vn 0.1622 0.9787 0.1260
vn 0.1902 -0.7843 -0.5905
vn 0.1765 -0.1191 0.9771
vn 0.1188 -0.9240 -0.3635
vn 0.2019 -0.0396 -0.9786
vn 0.4612 -0.7478 -0.4776
vn 0.6013 0.5597 -0.5702
vn 0.2019 -0.0396 -0.9786
vn 0.5609 0.7991 -0.2165
vn -0.4958 0.6601 -0.5643
vn -0.5546 -0.5251 -0.6455
vn -0.4211 -0.6531 -0.6294
vn -0.1694 -0.7480 0.6418
vn -0.0491 0.6586 0.7509
vn 0.0027 0.6076 0.7942
vn 0.4710 0.8821 0.0103
vn 0.4241 0.5282 0.7356
vn 0.3712 0.3545 0.8582
vn 0.1803 0.4970 0.8488
vn 0.2088 -0.8083 0.5505
vn 0.4763 0.1210 -0.8709
vn 0.4711 0.3576 -0.8063
vn 0.0623 0.8263 -0.5598
vn 0.2841 0.9487 -0.1389
vn -0.0136 -0.9464 -0.3226
vn 0.3395 -0.8903 -0.3035
vn 0.4713 -0.4506 -0.7582
vn 0.2073 -0.4461 -0.8706
vn 0.3702 -0.8749 -0.3123
vn 0.2057 -0.9227 -0.3261
vn 0.1908 -0.5649 -0.8028
vn 0.2102 0.1705 -0.9627
vn -0.2228 -0.9311 -0.2887
vn -0.0553 -0.9980 -0.0306
vn -0.1468 0.1237 0.9814
vn 0.1982 -0.6969 -0.6892
vn -0.0813 0.8309 0.5505
vn 0.6247 0.6881 0.3692
vn 0.7080 0.4576 -0.5379
vn 0.6277 0.6385 -0.4453
vn 0.7072 0.6008 0.3727
vn 0.4312 -0.8385 -0.3330
vn 0.4242 -0.8999 -0.1010
vn 0.4066 -0.5878 0.6994
vn 0.4369 -0.6636 0.6073
vn 0.4960 -0.2043 -0.8439
vn 0.4483 -0.0398 -0.8930
vn 0.2069 0.9068 0.3672
vn 0.4343 0.1714 0.8843
vn 0.0112 -0.1321 -0.9912
vn -0.0812 -0.9504 -0.3001
vn -0.2187 -0.9374 -0.2710
vn -0.0680 -0.7474 0.6608
vn -0.2591 -0.7168 0.6474
vn -0.0981 0.9247 0.3679
vn 0.4637 0.2727 0.8430
vn -0.1648 0.1184 0.9792
vn -0.0862 0.7305 -0.6775
vn -0.0192 0.1491 0.9886
vn -0.0903 0.9044 0.4171
vn 0.0776 -0.9947 -0.0671
vn 0.0347 -0.2971 -0.9542
vn -0.0730 0.7815 -0.6196
vn 0.0337 -0.6058 0.7949
vn 0.1055 0.7825 -0.6137
vn 0.1026 0.2931 0.9505
vn 0.0427 0.9167 0.3972
vn 0.1516 -0.5527 0.8194
vn 0.1796 -0.9784 -0.1021
vn 0.0865 -0.2809 -0.9558
vn 0.4483 -0.0398 -0.8930
vn 0.4960 -0.2043 -0.8439
vn 0.0112 -0.1321 -0.9912
vn 0.0347 -0.2971 -0.9542
vn 0.0123 0.7731 -0.6342
vn 0.0865 -0.2809 -0.9558
vn -0.1058 0.8997 0.4235
vn -0.0874 0.7985 -0.5956
vn -0.0917 0.1184 -0.9887
vn -0.0419 -0.4565 -0.8887
vn -0.0917 0.1184 -0.9887
vn 0.3784 -0.0474 -0.9244
vn 0.3784 -0.0474 -0.9244
vn 0.5541 -0.6312 -0.5427
vn 0.8185 0.2512 -0.5167
vn 0.8403 0.3072 -0.4466
vn 0.0027 0.6076 0.7942
vn 0.0607 0.9893 -0.1325
vn 0.3603 -0.1217 -0.9249
vn 0.3620 0.9021 -0.2351
vn 0.4439 0.8651 -0.2336
vn 0.4477 0.7482 -0.4897
vn 0.3653 0.8774 -0.3111
vn 0.4302 0.4128 -0.8028
vn 0.3207 0.5746 -0.7530
vn 0.6862 0.6664 0.2917
vn 0.5160 -0.7848 -0.3432
vn -0.4227 0.0271 -0.9059
vn 0.7561 -0.6531 -0.0419
vn 0.6862 0.6664 0.2917
vn 0.7228 -0.5957 -0.3504
vn 0.6230 -0.7415 0.2490
vn -0.4227 0.0271 -0.9059
vn 0.5160 -0.7848 -0.3432
vn 0.7561 -0.6531 -0.0419
vn 0.6230 -0.7415 0.2490
vn 0.7228 -0.5957 -0.3504
vn 0.4697 -0.3627 -0.8049
vn 0.4254 -0.7603 -0.4909
vn -0.1261 -0.9570 -0.2614
vn -0.1710 -0.9587 0.2272
vn -0.2534 -0.5744 0.7784
vn 0.4203 0.2605 -0.8692
vn -0.1487 -0.9836 0.1018
vn -0.1952 -0.5852 0.7870
vn -0.0967 -0.9833 0.1541
vn -0.1211 -0.9642 0.2361
vn -0.0943 -0.9713 -0.2182
vn -0.0626 -0.8642 0.4992
vn -0.1275 0.9626 0.2390
vn -0.1566 0.9599 0.2326
vn -0.1836 0.9098 0.3722
vn 0.3163 0.7769 -0.5445
vn 0.3531 -0.9006 -0.2535
vn -0.1907 -0.2320 -0.9538
vn -0.1780 -0.2852 -0.9418
vn 0.2409 0.9421 -0.2331
vn -0.1496 0.9204 0.3613
vn -0.1584 0.9148 0.3715
vn 0.1546 0.8967 -0.4148
vn -0.1438 0.8896 0.4335
vn -0.1380 0.9182 0.3713
vn -0.0457 -0.9124 0.4067
vn -0.1261 0.9209 0.3688
vn -0.1169 0.8906 0.4395
vn 0.0224 0.0991 0.9948
vn -0.1562 -0.2317 -0.9602
vn -0.1433 -0.6546 -0.7423
vn -0.0316 -0.1071 -0.9938
vn -0.0733 0.4938 -0.8665
vn 0.3620 0.9021 -0.2351
vn 0.1025 0.9839 -0.1464
vn 0.3031 0.9527 -0.0203
vn 0.3150 0.9167 -0.2457
vn 0.0966 -0.7974 -0.5957
vn -0.0092 -0.7856 -0.6187
vn 0.0190 0.9602 -0.2785
vn -0.1797 -0.9695 -0.1667
vn 0.1415 -0.7658 -0.6273
vn -0.4092 -0.7101 -0.5730
vn -0.1228 -0.9896 -0.0751
vn 0.1252 0.9253 -0.3580
vn -0.1415 -0.9890 0.0426
vn 0.2470 0.9596 0.1349
vn -0.0090 0.9999 -0.0059
vn -0.2507 0.9436 0.2163
vn -0.0704 -0.9836 0.1658
vn 0.1135 0.5512 -0.8266
vn -0.4953 0.7337 -0.4651
vn -0.7214 0.0463 -0.6909
vn -0.6927 -0.0148 -0.7211
vn 0.6758 0.4241 -0.6029
vn 0.4941 -0.8136 -0.3064
vn 0.7571 -0.5680 -0.3229
vn 0.2242 0.1598 -0.9614
vn -0.0498 -0.9183 -0.3927
vn -0.1994 -0.9786 0.0517
vn 0.3419 0.8995 0.2722
vn -0.5567 -0.7779 0.2914
vn 0.3979 -0.8943 -0.2047
vn -0.3032 -0.7098 -0.6359
vn 0.5571 0.8262 -0.0837
vn 0.2527 0.9381 0.2371
vn -0.1804 0.9552 -0.2346
vn -0.1279 0.9719 -0.1974
vt 0.415024 0.854706
vt 0.415024 0.785514
vt 0.237135 0.837365
vt 0.122132 0.816578
vt 0.131689 0.895443
vt 0.234714 0.893676
vt 0.341593 0.900640
vt 0.340951 0.717360
vt 0.415024 0.724065
vt 0.415024 0.641408
vt 0.370645 0.643397
vt 0.159651 0.721042
vt 0.200367 0.704385
vt 0.150045 0.658755
vt 0.482471 0.642231
vt 0.512887 0.560582
vt 0.450119 0.559311
vt 0.284646 0.213319
vt 0.273433 0.308213
vt 0.356625 0.242152
vt 0.267981 0.088983
vt 0.353075 0.014852
vt 0.229082 0.014771
vt 0.228702 0.779320
vt 0.326968 0.769562
vt 0.304066 0.720652
vt 0.244260 0.723241
vt 0.470031 0.513783
vt 0.540066 0.516230
vt 0.363340 0.070409
vt 0.425671 0.097628
vt 0.420976 0.006072
vt 0.361589 0.012838
vt 0.482471 0.721010
vt 0.482471 0.787500
vt 0.145643 0.770654
vt 0.122003 0.813782
vt 0.056902 0.727605
vt 0.008100 0.810609
vt 0.008100 0.657966
vt 0.046995 0.653578
vt 0.008045 0.632676
vt 0.482471 0.853520
vt 0.008100 0.900874
vt 0.008100 0.953603
vt 0.117341 0.733868
vt 0.105716 0.656047
vt 0.357010 0.751249
vt 0.050815 0.563483
vt 0.029182 0.593931
vt 0.100191 0.583415
vt 0.054283 0.617137
vt 0.007997 0.609309
vt 0.132208 0.548228
vt 0.163916 0.472133
vt 0.101798 0.432452
vt 0.154489 0.504120
vt 0.095605 0.526550
vt 0.089916 0.518220
vt 0.007997 0.594300
vt 0.028596 0.496613
vt 0.007997 0.504955
vt 0.295702 0.101453
vt 0.263165 0.134692
vt 0.353524 0.125112
vt 0.402703 0.224606
vt 0.375172 0.374926
vt 0.271123 0.384052
vt 0.008100 0.727637
vt 0.275853 0.185696
vt 0.106954 0.582015
vt 0.149948 0.600539
vt 0.136145 0.552857
vt 0.172296 0.610741
vt 0.190191 0.560395
vt 0.329443 0.555687
vt 0.290280 0.662376
vt 0.404300 0.559156
vt 0.218340 0.659362
vt 0.216455 0.509570
vt 0.172841 0.486913
vt 0.403019 0.486746
vt 0.348366 0.486257
vt 0.334760 0.790104
vt 0.230822 0.791881
vt 0.849546 0.399145
vt 0.863079 0.395518
vt 0.849523 0.443229
vt 0.852661 0.334890
vt 0.820525 0.293329
vt 0.822933 0.342821
vt 0.808905 0.236092
vt 0.825930 0.236092
vt 0.790130 0.439321
vt 0.826899 0.438379
vt 0.824232 0.473354
vt 0.790129 0.485546
vt 0.790130 0.395791
vt 0.819354 0.398081
vt 0.790130 0.348335
vt 0.790130 0.296017
vt 0.731364 0.348484
vt 0.731364 0.295842
vt 0.731364 0.436452
vt 0.731364 0.486053
vt 0.731365 0.236092
vt 0.790130 0.236092
vt 0.731363 0.541231
vt 0.790129 0.534195
vt 0.790129 0.552056
vt 0.731364 0.392071
vt 0.651922 0.289105
vt 0.628150 0.335072
vt 0.628150 0.290658
vt 0.665042 0.598262
vt 0.628149 0.598262
vt 0.628149 0.537916
vt 0.665042 0.537724
vt 0.628149 0.481467
vt 0.665042 0.479996
vt 0.628150 0.422524
vt 0.665043 0.435308
vt 0.665043 0.345507
vt 0.665043 0.389569
vt 0.628150 0.378901
vt 0.694435 0.482362
vt 0.694435 0.536830
vt 0.554676 0.598262
vt 0.554677 0.336164
vt 0.554677 0.380918
vt 0.554677 0.297543
vt 0.554677 0.422977
vt 0.554677 0.520146
vt 0.843910 0.499620
vt 0.271776 0.548998
vt 0.245168 0.605351
vt 0.283285 0.485964
vt 0.279870 0.580364
vt 0.842356 0.295035
vt 0.825115 0.530641
vt 0.826897 0.567780
vt 0.806982 0.598263
vt 0.790129 0.598263
vt 0.731363 0.598263
vt 0.694434 0.598262
vt 0.665043 0.293091
vt 0.665043 0.236092
vt 0.628150 0.236091
vt 0.554678 0.236091
vt 0.554677 0.482989
vt 0.215215 0.956517
vt 0.260780 0.954590
vt 0.756499 0.609293
vt 0.864775 0.609293
vt 0.810419 0.692414
vt 0.341357 0.954758
vt 0.415024 0.954257
vt 0.415024 0.910000
vt 0.614049 0.609293
vt 0.614052 0.632318
vt 0.565047 0.639618
vt 0.564397 0.609293
vt 0.671577 0.609293
vt 0.523819 0.640597
vt 0.523904 0.609293
vt 0.562713 0.669115
vt 0.566409 0.695701
vt 0.667148 0.693826
vt 0.615160 0.694681
vt 0.740802 0.692906
vt 0.745400 0.902337
vt 0.742914 0.875387
vt 0.795037 0.869793
vt 0.794388 0.902337
vt 0.565481 0.902337
vt 0.612252 0.902337
vt 0.613026 0.937331
vt 0.563673 0.937520
vt 0.495960 0.911037
vt 0.495960 0.888302
vt 0.741615 0.831326
vt 0.664735 0.880408
vt 0.495960 0.795856
vt 0.566409 0.774712
vt 0.565862 0.844733
vt 0.611822 0.775150
vt 0.612081 0.845951
vt 0.744350 0.936807
vt 0.669617 0.925489
vt 0.659926 0.774871
vt 0.797566 0.937203
vt 0.745367 0.958186
vt 0.671478 0.958186
vt 0.562684 0.958186
vt 0.495960 0.958186
vt 0.799849 0.958186
vt 0.614719 0.958186
vt 0.798424 0.824401
vt 0.744641 0.985787
vt 0.672007 0.985787
vt 0.615689 0.985787
vt 0.559655 0.985787
vt 0.495960 0.985787
vt 0.864903 0.888302
vt 0.864903 0.911037
vt 0.864903 0.812707
vt 0.864903 0.958186
vt 0.802051 0.985787
vt 0.864903 0.985787
vt 0.739338 0.773691
vt 0.803303 0.771793
vt 0.864903 0.750338
vt 0.507828 0.756501
vt 0.495960 0.753803
vt 0.864740 0.687918
vt 0.864903 0.688142
vt 0.864903 0.697022
vt 0.495960 0.658326
vt 0.500028 0.638407
vt 0.506817 0.670248
vt 0.495960 0.695531
vt 0.515717 0.669434
vt 0.521211 0.692636
vt 0.104141 0.474647
vt 0.864822 0.618294
vt 0.864878 0.687899
vt 0.694436 0.236092
vt 0.694435 0.293474
vt 0.206288 0.060451
vt 0.262798 0.334741
vt 0.269851 0.248043
vt 0.186144 0.217488
vt 0.189941 0.286408
vt 0.186246 0.116276
vt 0.080024 0.460530
vt 0.050102 0.476519
vt 0.073187 0.493722
vt 0.077741 0.988809
vt 0.482471 0.953443
vt 0.482471 0.916057
vt 0.206955 0.440273
vt 0.217290 0.419086
vt 0.260838 0.459107
vt 0.204604 0.460432
vt 0.239696 0.404267
vt 0.260837 0.400733
vt 0.260839 0.503631
vt 0.234553 0.501716
vt 0.205888 0.480339
vt 0.008100 0.815838
vt 0.217673 0.988809
vt 0.277356 0.988809
vt 0.158478 0.988809
vt 0.008100 0.988809
vt 0.341157 0.988809
vt 0.415024 0.988809
vt 0.482471 0.988809
vt 0.776204 0.009620
vt 0.776204 0.120342
vt 0.828628 0.113052
vt 0.828628 0.009620
vt 0.670320 0.112031
vt 0.670005 0.009620
vt 0.555439 0.087767
vt 0.670005 0.224738
vt 0.555329 0.232685
vt 0.776204 0.224738
vt 0.828628 0.225156
vt 0.527544 0.090409
vt 0.502958 0.229125
vt 0.556703 0.009620
vt 0.887677 0.009620
vt 0.887677 0.124121
vt 0.991141 0.142022
vt 0.991128 0.009620
vt 0.887677 0.233296
vt 0.991151 0.239910
vt 0.086704 0.113387
vt 0.086706 0.005783
vt 0.007713 0.005781
vt 0.007711 0.127947
vt 0.173966 0.094506
vt 0.173967 0.005784
vt 0.007709 0.275760
vt 0.086702 0.260478
vt 0.173964 0.242706
vt 0.007707 0.435135
vt 0.007706 0.486345
vt 0.086700 0.420666
vt 0.173962 0.359298
vt 0.662795 0.832337
vt 0.887677 0.279278
vt 0.991151 0.317589
vt 0.694435 0.436963
vt 0.694435 0.389827
vt 0.694435 0.347988
vt 0.055399 0.621990
vt 0.007997 0.610593
vt 0.444936 0.242628
vt 0.460986 0.373229
vt 0.541929 0.264032
vt 0.491164 0.489826
vt 0.541929 0.489826
vt 0.368386 0.266077
vt 0.882211 0.892577
vt 0.985406 0.892578
vt 0.985406 0.799164
vt 0.882211 0.799163
vt 0.882212 0.480622
vt 0.985408 0.480622
vt 0.985408 0.407947
vt 0.882212 0.407946
vt 0.882210 0.987500
vt 0.985406 0.987500
vt 0.882212 0.573459
vt 0.985407 0.573459
vt 0.985407 0.696033
vt 0.882211 0.696032
vt 0.296240 0.470551
vt 0.407060 0.559460
vt 0.415024 0.641408
vt 0.407557 0.512937
vt 0.350530 0.171618
vt 0.311260 0.167535
vt 0.985408 0.335371
vt 0.882213 0.335371
vt 0.389335 0.383995
vt 0.417580 0.489826
vt 0.541929 0.389089
vt 0.193517 0.362005
vt 0.218606 0.391786
vt 0.334654 0.854261
vt 0.415024 0.785514
vt 0.415024 0.854706
vt 0.237135 0.837365
vt 0.234714 0.893676
vt 0.131689 0.895443
vt 0.122132 0.816578
vt 0.341593 0.900640
vt 0.340951 0.717360
vt 0.370645 0.643397
vt 0.415024 0.641408
vt 0.415024 0.724065
vt 0.159651 0.721042
vt 0.150045 0.658755
vt 0.200367 0.704385
vt 0.450119 0.559311
vt 0.284646 0.213319
vt 0.356625 0.242152
vt 0.273433 0.308213
vt 0.267981 0.088983
vt 0.229082 0.014771
vt 0.353075 0.014852
vt 0.228702 0.779320
vt 0.244260 0.723241
vt 0.304066 0.720652
vt 0.326968 0.769562
vt 0.470031 0.513783
vt 0.363340 0.070409
vt 0.425671 0.097628
vt 0.145643 0.770654
vt 0.122003 0.813782
vt 0.056902 0.727605
vt 0.046995 0.653578
vt 0.117341 0.733868
vt 0.105716 0.656047
vt 0.357010 0.751249
vt 0.050801 0.563661
vt 0.100191 0.583415
vt 0.029588 0.593634
vt 0.054283 0.617137
vt 0.132208 0.548228
vt 0.163916 0.472133
vt 0.154489 0.504120
vt 0.101798 0.432452
vt 0.095605 0.526550
vt 0.073187 0.493722
vt 0.089256 0.517253
vt 0.028596 0.496613
vt 0.295702 0.101453
vt 0.263165 0.134692
vt 0.402703 0.224606
vt 0.353524 0.125112
vt 0.375172 0.374926
vt 0.271123 0.384052
vt 0.275853 0.185696
vt 0.106954 0.582015
vt 0.136145 0.552857
vt 0.149948 0.600539
vt 0.172296 0.610741
vt 0.190191 0.560395
vt 0.329443 0.555687
vt 0.404300 0.559156
vt 0.290280 0.662376
vt 0.218340 0.659362
vt 0.216455 0.509570
vt 0.172841 0.486913
vt 0.348366 0.486257
vt 0.403019 0.486746
vt 0.334760 0.790104
vt 0.230822 0.791881
vt 0.849546 0.399145
vt 0.849523 0.443229
vt 0.863079 0.395518
vt 0.852661 0.334890
vt 0.820525 0.293329
vt 0.822933 0.342821
vt 0.825930 0.236092
vt 0.808905 0.236092
vt 0.790130 0.439321
vt 0.790129 0.485546
vt 0.824232 0.473354
vt 0.826899 0.438379
vt 0.790130 0.395791
vt 0.819354 0.398081
vt 0.790130 0.348335
vt 0.790130 0.296017
vt 0.731364 0.295842
vt 0.731364 0.348484
vt 0.731364 0.436452
vt 0.731364 0.486053
vt 0.790130 0.236092
vt 0.731365 0.236092
vt 0.731363 0.541231
vt 0.790129 0.534195
vt 0.790129 0.552056
vt 0.731364 0.392071
vt 0.651922 0.289105
vt 0.628150 0.290658
vt 0.628150 0.335072
vt 0.665042 0.598262
vt 0.665042 0.537724
vt 0.628149 0.537916
vt 0.628149 0.598262
vt 0.628149 0.481467
vt 0.665042 0.479996
vt 0.665043 0.435308
vt 0.628150 0.422524
vt 0.665043 0.345507
vt 0.628150 0.378901
vt 0.665043 0.389569
vt 0.694435 0.536830
vt 0.694435 0.482362
vt 0.554676 0.598262
vt 0.554677 0.336164
vt 0.554677 0.380918
vt 0.554677 0.297543
vt 0.554677 0.422977
vt 0.554677 0.520146
vt 0.843910 0.499620
vt 0.271776 0.548998
vt 0.245168 0.605351
vt 0.279870 0.580364
vt 0.283285 0.485964
vt 0.842356 0.295035
vt 0.825115 0.530641
vt 0.806982 0.598263
vt 0.826897 0.567780
vt 0.790129 0.598263
vt 0.731363 0.598263
vt 0.694434 0.598262
vt 0.665043 0.293091
vt 0.665043 0.236092
vt 0.628150 0.236091
vt 0.554678 0.236091
vt 0.554677 0.482989
vt 0.260780 0.954590
vt 0.215215 0.956517
vt 0.756499 0.609293
vt 0.810419 0.692414
vt 0.415024 0.910000
vt 0.415024 0.954257
vt 0.341357 0.954758
vt 0.614049 0.609293
vt 0.564397 0.609293
vt 0.565047 0.639618
vt 0.614052 0.632318
vt 0.671577 0.609293
vt 0.562713 0.669115
vt 0.566409 0.695701
vt 0.667148 0.693826
vt 0.615160 0.694681
vt 0.740802 0.692906
vt 0.745400 0.902337
vt 0.794388 0.902337
vt 0.795037 0.869793
vt 0.742914 0.875387
vt 0.565481 0.902337
vt 0.563673 0.937520
vt 0.613026 0.937331
vt 0.612252 0.902337
vt 0.495960 0.911037
vt 0.495960 0.888302
vt 0.741615 0.831326
vt 0.664735 0.880408
vt 0.495960 0.795856
vt 0.565862 0.844733
vt 0.566409 0.774712
vt 0.612081 0.845951
vt 0.611822 0.775150
vt 0.744350 0.936807
vt 0.669617 0.925489
vt 0.659926 0.774871
vt 0.797566 0.937203
vt 0.671478 0.958186
vt 0.745367 0.958186
vt 0.562684 0.958186
vt 0.495960 0.958186
vt 0.799849 0.958186
vt 0.614719 0.958186
vt 0.798424 0.824401
vt 0.672007 0.985787
vt 0.744641 0.985787
vt 0.615689 0.985787
vt 0.559655 0.985787
vt 0.495960 0.985787
vt 0.864903 0.888302
vt 0.864903 0.911037
vt 0.864903 0.812707
vt 0.864903 0.958186
vt 0.802051 0.985787
vt 0.864903 0.985787
vt 0.739338 0.773691
vt 0.803303 0.771793
vt 0.864903 0.750338
vt 0.507828 0.756501
vt 0.495960 0.753803
vt 0.864903 0.697022
vt 0.495960 0.695531
vt 0.521211 0.692636
vt 0.080024 0.460530
vt 0.103614 0.474339
vt 0.694436 0.236092
vt 0.694435 0.293474
vt 0.206288 0.060451
vt 0.262798 0.334741
vt 0.189941 0.286408
vt 0.186144 0.217488
vt 0.269851 0.248043
vt 0.186246 0.116276
vt 0.050102 0.476519
vt 0.077741 0.988809
vt 0.206955 0.440273
vt 0.204604 0.460432
vt 0.217290 0.419086
vt 0.239696 0.404267
vt 0.234553 0.501716
vt 0.205888 0.480339
vt 0.277356 0.988809
vt 0.217673 0.988809
vt 0.158478 0.988809
vt 0.341157 0.988809
vt 0.415024 0.988809
vt 0.776204 0.009620
vt 0.828628 0.009620
vt 0.828628 0.113052
vt 0.776204 0.120342
vt 0.670005 0.121273
vt 0.670005 0.009620
vt 0.561961 0.093250
vt 0.670005 0.224738
vt 0.556774 0.204997
vt 0.776204 0.224738
vt 0.828628 0.225156
vt 0.510581 0.213053
vt 0.442998 0.224839
vt 0.438431 0.098848
vt 0.528240 0.094779
vt 0.556703 0.009620
vt 0.887677 0.009620
vt 0.887677 0.124121
vt 0.887677 0.233296
vt 0.438431 0.009620
vt 0.086704 0.113387
vt 0.086706 0.005783
vt 0.173967 0.005784
vt 0.173966 0.094506
vt 0.086702 0.260478
vt 0.173964 0.242706
vt 0.086700 0.420666
vt 0.173962 0.359298
vt 0.662795 0.832337
vt 0.887677 0.279278
vt 0.694435 0.436963
vt 0.694435 0.389827
vt 0.694435 0.347988
vt 0.055399 0.621990
vt 0.444936 0.242628
vt 0.541929 0.264032
vt 0.460986 0.373229
vt 0.491164 0.489826
vt 0.541929 0.489826
vt 0.368386 0.266077
vt 0.882211 0.892577
vt 0.882211 0.799163
vt 0.985406 0.799164
vt 0.985406 0.892578
vt 0.882212 0.480622
vt 0.882212 0.407946
vt 0.985408 0.407947
vt 0.985408 0.480622
vt 0.882210 0.987500
vt 0.985406 0.987500
vt 0.882212 0.573459
vt 0.985407 0.573459
vt 0.882211 0.696032
vt 0.985407 0.696033
vt 0.296240 0.470551
vt 0.415024 0.641408
vt 0.407060 0.559460
vt 0.407557 0.512937
vt 0.311260 0.167535
vt 0.350530 0.171618
vt 0.985408 0.335371
vt 0.882213 0.335371
vt 0.389335 0.383995
vt 0.417580 0.489826
vt 0.541929 0.389089
vt 0.438431 0.009620
vt 0.438431 0.098848
vt 0.438431 0.224738
vt 0.000000 0.000000
f 1/1/1 2/2/2 3/3/3
f 2/2/2 4/4/4 3/3/3
f 3/3/3 4/4/4 5/5/5
f 4/4/4 6/6/6 5/5/5
f 5/5/5 6/6/6 6/6/6
f 6/6/6 7/7/7 6/6/6
f 6/6/6 7/7/7 4/4/4
f 7/7/7 4/4/4 4/4/4
f 4/4/4 4/4/4 7/7/7
f 4/4/4 8/8/8 7/7/7
f 7/7/7 8/8/8 8/8/8
f 8/8/8 1/1/1 8/8/8
f 8/8/8 1/1/1 4/4/4
f 1/1/1 9/9/9 4/4/4
f 4/4/4 9/9/9 10/10/10
f 9/9/9 11/11/11 10/10/10
f 10/10/10 11/11/11 11/11/11
f 11/11/11 12/12/12 11/11/11
f 11/11/11 12/12/12 9/9/9
f 12/12/12 13/13/13 9/9/9
f 9/9/9 13/13/13 14/14/14
f 13/13/13 15/15/15 14/14/14
f 14/14/14 15/15/15 16/16/16
f 15/15/15 17/17/17 16/16/16
f 16/16/16 17/17/17 18/18/18
f 17/17/17 18/18/18 18/18/18
f 18/18/18 18/18/18 11/11/11
f 18/18/18 16/16/16 11/11/11
f 11/11/11 16/16/16 19/19/19
f 16/16/16 20/20/20 19/19/19
f 19/19/19 20/20/20 21/21/21
f 20/20/20 22/22/22 21/21/21
f 21/21/21 22/22/22 23/23/23
f 22/22/22 24/24/24 23/23/23
f 23/23/23 24/24/24 25/25/25
f 24/24/24 26/26/26 25/25/25
f 25/25/25 26/26/26 27/27/27
f 26/26/26 27/27/27 27/27/27
f 27/27/27 27/27/27 28/28/28
f 27/27/27 25/25/25 28/28/28
f 28/28/28 25/25/25 29/29/29
f 25/25/25 18/18/18 29/29/29
f 29/29/29 18/18/18 17/17/17
f 18/18/18 17/17/17 17/17/17
f 17/17/17 17/17/17 30/30/30
f 17/17/17 29/29/29 30/30/30
f 30/30/30 29/29/29 31/31/31
f 29/29/29 32/32/32 31/31/31
f 31/31/31 32/32/32 33/33/33
f 32/32/32 33/33/33 33/33/33
f 33/33/33 33/33/33 34/34/34
f 33/33/33 31/31/31 34/34/34
f 34/34/34 31/31/31 35/35/35
f 31/31/31 10/10/10 35/35/35
f 35/35/35 10/10/10 3/3/3
f 10/10/10 3/3/3 3/3/3
f 3/3/3 3/3/3 36/36/36
f 3/3/3 35/35/35 36/36/36
f 36/36/36 35/35/35 25/25/25
f 35/35/35 13/13/13 25/25/25
f 25/25/25 13/13/13 37/37/37
f 13/13/13 11/11/11 37/37/37
f 37/37/37 11/11/11 10/10/10
f 11/11/11 35/35/35 10/10/10
f 10/10/10 35/35/35 35/35/35
f 35/35/35 16/16/16 35/35/35
f 35/35/35 16/16/16 11/11/11
f 16/16/16 27/27/27 11/11/11
f 11/11/11 27/27/27 26/26/26
f 27/27/27 9/9/9 26/26/26
f 26/26/26 9/9/9 38/38/38
f 9/9/9 39/39/39 38/38/38
f 38/38/38 39/39/39 40/40/40
f 39/39/39 41/41/41 40/40/40
f 40/40/40 41/41/41 42/42/42
f 41/41/41 43/43/43 42/42/42
f 42/42/42 43/43/43 44/44/44
f 43/43/43 36/36/36 44/44/44
f 44/44/44 36/36/36 3/3/3
f 36/36/36 3/3/3 3/3/3
f 3/3/3 3/3/3 2/2/2
f 3/3/3 44/44/44 2/2/2
f 2/2/2 44/44/44 45/45/45
f 44/44/44 46/46/46 45/45/45
f 45/45/45 46/46/46 6/6/6
f 46/46/46 47/47/47 6/6/6
f 6/6/6 47/47/47 13/13/13
f 47/47/47 15/15/15 13/13/13
f 13/13/13 15/15/15 15/15/15
f 15/15/15 48/48/48 15/15/15
f 15/15/15 48/48/48 47/47/47
f 48/48/48 47/47/47 47/47/47
f 47/47/47 47/47/47 39/39/39
f 47/47/47 38/38/38 39/39/39
f 39/39/39 38/38/38 47/47/47
f 38/38/38 38/38/38 47/47/47
f 47/47/47 38/38/38 37/37/37
f 38/38/38 28/28/28 37/37/37
f 37/37/37 28/28/28 14/14/14
f 28/28/28 25/25/25 14/14/14
f 14/14/14 25/25/25 49/49/49
f 25/25/25 3/3/3 49/49/49
f 49/49/49 3/3/3 10/10/10
f 3/3/3 26/26/26 10/10/10
f 10/10/10 26/26/26 3/3/3
f 26/26/26 49/49/49 3/3/3
f 3/3/3 49/49/49 37/37/37
f 49/49/49 38/38/38 37/37/37
f 37/37/37 38/38/38 25/25/25
f 38/38/38 50/50/50 25/25/25
f 25/25/25 50/50/50 51/51/51
f 50/50/50 52/52/52 51/51/51
f 51/51/51 52/52/52 53/53/53
f 52/52/52 51/51/51 53/53/53
f 53/53/53 51/51/51 54/54/54
f 51/51/51 50/50/50 54/54/54
f 54/54/54 50/50/50 52/52/52
f 50/50/50 55/55/55 52/52/52
f 52/52/52 55/55/55 56/56/56
f 55/55/55 57/57/57 56/56/56
f 56/56/56 57/57/57 58/58/58
f 57/57/57 58/58/58 58/58/58
f 58/58/58 58/58/58 59/59/59
f 58/58/58 55/55/55 59/59/59
f 59/59/59 55/55/55 59/59/59
f 55/55/55 60/60/60 59/59/59
f 59/59/59 60/60/60 50/50/50
f 60/60/60 61/61/61 50/50/50
f 50/50/50 61/61/61 50/50/50
f 61/61/61 62/62/62 50/50/50
f 50/50/50 62/62/62 61/61/61
f 62/62/62 62/62/62 61/61/61
f 61/61/61 62/62/62 63/63/63
f 62/62/62 64/64/64 63/63/63
f 63/63/63 64/64/64 22/22/22
f 64/64/64 65/65/65 22/22/22
f 22/22/22 65/65/65 48/48/48
f 65/65/65 39/39/39 48/48/48
f 48/48/48 39/39/39 47/47/47
f 39/39/39 47/47/47 47/47/47
f 47/47/47 47/47/47 37/37/37
f 47/47/47 13/13/13 37/37/37
f 37/37/37 13/13/13 32/32/32
f 13/13/13 66/66/66 32/32/32
f 32/32/32 66/66/66 67/67/67
f 66/66/66 68/68/68 67/67/67
f 67/67/67 68/68/68 20/20/20
f 68/68/68 69/69/69 20/20/20
f 20/20/20 69/69/69 50/50/50
f 69/69/69 55/55/55 50/50/50
f 50/50/50 55/55/55 59/59/59
f 55/55/55 31/31/31 59/59/59
f 59/59/59 31/31/31 66/66/66
f 31/31/31 32/32/32 66/66/66
f 66/66/66 32/32/32 49/49/49
f 32/32/32 10/10/10 49/49/49
f 49/49/49 10/10/10 9/9/9
f 10/10/10 39/39/39 9/9/9
f 9/9/9 39/39/39 42/42/42
f 39/39/39 41/41/41 42/42/42
f 42/42/42 41/41/41 41/41/41
f 41/41/41 70/70/70 41/41/41
f 41/41/41 70/70/70 39/39/39
f 70/70/70 52/52/52 39/39/39
f 39/39/39 52/52/52 51/51/51
f 52/52/52 53/53/53 51/51/51
f 51/51/51 53/53/53 51/51/51
f 53/53/53 50/50/50 51/51/51
f 51/51/51 50/50/50 61/61/61
f 50/50/50 65/65/65 61/61/61
f 61/61/61 65/65/65 71/71/71
f 65/65/65 64/64/64 71/71/71
f 71/71/71 64/64/64 72/72/72
f 64/64/64 73/73/73 72/72/72
f 72/72/72 73/73/73 74/74/74
f 73/73/73 48/48/48 74/74/74
f 74/74/74 48/48/48 15/15/15
f 48/48/48 73/73/73 15/15/15
f 15/15/15 73/73/73 75/75/75
f 73/73/73 76/76/76 75/75/75
f 75/75/75 76/76/76 73/73/73
f 76/76/76 77/77/77 73/73/73
f 73/73/73 77/77/77 78/78/78
f 77/77/77 12/12/12 78/78/78
f 78/78/78 12/12/12 12/12/12
f 12/12/12 79/79/79 12/12/12
f 12/12/12 79/79/79 77/77/77
f 79/79/79 80/80/80 77/77/77
f 77/77/77 80/80/80 75/75/75
f 80/80/80 15/15/15 75/75/75
f 75/75/75 15/15/15 81/81/81
f 15/15/15 82/82/82 81/81/81
f 81/81/81 82/82/82 74/74/74
f 82/82/82 74/74/74 74/74/74
f 74/74/74 74/74/74 76/76/76
f 74/74/74 81/81/81 76/76/76
f 76/76/76 81/81/81 12/12/12
f 81/81/81 78/78/78 12/12/12
f 12/12/12 78/78/78 9/9/9
f 78/78/78 77/77/77 9/9/9
f 9/9/9 77/77/77 83/83/83
f 77/77/77 84/84/84 83/83/83
f 83/83/83 84/84/84 83/83/83
f 84/84/84 77/77/77 83/83/83
f 83/83/83 77/77/77 79/79/79
f 77/77/77 27/27/27 79/79/79
f 79/79/79 27/27/27 9/9/9
f 27/27/27 78/78/78 9/9/9
f 9/9/9 78/78/78 14/14/14
f 78/78/78 80/80/80 14/14/14
f 14/14/14 80/80/80 15/15/15
f 80/80/80 3/3/3 15/15/15
f 15/15/15 3/3/3 85/85/85
f 3/3/3 1/1/1 85/85/85
f 85/85/85 1/1/1 85/85/85
f 1/1/1 26/26/26 85/85/85
f 85/85/85 26/26/26 25/25/25
f 26/26/26 25/25/25 25/25/25
f 25/25/25 25/25/25 86/86/86
f 25/25/25 85/85/85 86/86/86
f 86/86/86 85/85/85 87/87/87
f 85/85/85 88/88/88 87/87/87
f 87/87/87 88/88/88 89/89/89
f 88/88/88 88/88/88 89/89/89
f 89/89/89 88/88/88 87/87/87
f 88/88/88 90/90/90 87/87/87
f 87/87/87 90/90/90 91/91/91
f 90/90/90 90/90/90 91/91/91
f 91/91/91 90/90/90 92/92/92
f 90/90/90 91/91/91 92/92/92
f 92/92/92 91/91/91 93/93/93
f 91/91/91 94/94/94 93/93/93
f 93/93/93 94/94/94 95/95/95
f 94/94/94 96/96/96 95/95/95
f 95/95/95 96/96/96 97/97/97
f 96/96/96 97/97/97 97/97/97
f 97/97/97 97/97/97 98/98/98
f 97/97/97 95/95/95 98/98/98
f 98/98/98 95/95/95 99/99/99
f 95/95/95 100/100/100 99/99/99
f 99/99/99 100/100/100 96/96/96
f 100/100/100 96/96/96 96/96/96
f 96/96/96 96/96/96 95/95/95
f 96/96/96 99/99/99 95/95/95
f 95/95/95 99/99/99 101/101/101
f 99/99/99 92/92/92 101/101/101
f 101/101/101 92/92/92 100/100/100
f 92/92/92 100/100/100 100/100/100
f 100/100/100 100/100/100 99/99/99
f 100/100/100 101/101/101 99/99/99
f 99/99/99 101/101/101 102/102/102
f 101/101/101 91/91/91 102/102/102
f 102/102/102 91/91/91 92/92/92
f 91/91/91 92/92/92 92/92/92
f 92/92/92 92/92/92 101/101/101
f 92/92/92 102/102/102 101/101/101
f 101/101/101 102/102/102 102/102/102
f 102/102/102 101/101/101 102/102/102
f 102/102/102 101/101/101 103/103/103
f 101/101/101 103/103/103 103/103/103
f 103/103/103 103/103/103 104/104/104
f 103/103/103 102/102/102 104/104/104
f 104/104/104 102/102/102 105/105/105
f 102/102/102 95/95/95 105/105/105
f 105/105/105 95/95/95 98/98/98
f 95/95/95 98/98/98 98/98/98
f 98/98/98 98/98/98 106/106/106
f 98/98/98 105/105/105 106/106/106
f 106/106/106 105/105/105 104/104/104
f 105/105/105 107/107/107 104/104/104
f 104/104/104 107/107/107 108/108/108
f 107/107/107 108/108/108 108/108/108
f 108/108/108 108/108/108 102/102/102
f 108/108/108 104/104/104 102/102/102
f 102/102/102 104/104/104 109/109/109
f 104/104/104 106/106/106 109/109/109
f 109/109/109 106/106/106 110/110/110
f 106/106/106 111/111/111 110/110/110
f 110/110/110 111/111/111 109/109/109
f 111/111/111 110/110/110 109/109/109
f 109/109/109 110/110/110 105/105/105
f 110/110/110 112/112/112 105/105/105
f 105/105/105 112/112/112 99/99/99
f 112/112/112 99/99/99 99/99/99
f 99/99/99 99/99/99 95/95/95
f 99/99/99 105/105/105 95/95/95
f 95/95/95 105/105/105 103/103/103
f 105/105/105 101/101/101 103/103/103
f 103/103/103 101/101/101 99/99/99
f 101/101/101 99/99/99 99/99/99
f 99/99/99 99/99/99 112/112/112
f 99/99/99 103/103/103 112/112/112
f 112/112/112 103/103/103 113/113/113
f 103/103/103 114/114/114 113/113/113
f 113/113/113 114/114/114 115/115/115
f 114/114/114 116/116/116 115/115/115
f 115/115/115 116/116/116 117/117/117
f 116/116/116 118/118/118 117/117/117
f 117/117/117 118/118/118 118/118/118
f 118/118/118 119/119/119 118/118/118
f 118/118/118 119/119/119 116/116/116
f 119/119/119 120/120/120 116/116/116
f 116/116/116 120/120/120 121/121/121
f 120/120/120 119/119/119 121/121/121
f 121/121/121 119/119/119 119/119/119
f 119/119/119 118/118/118 119/119/119
f 119/119/119 118/118/118 120/120/120
f 118/118/118 120/120/120 120/120/120
f 120/120/120 120/120/120 122/122/122
f 120/120/120 123/123/123 122/122/122
f 122/122/122 123/123/123 123/123/123
f 123/123/123 121/121/121 123/123/123
f 123/123/123 121/121/121 120/120/120
f 121/121/121 124/124/124 120/120/120
f 120/120/120 124/124/124 125/125/125
f 124/124/124 126/126/126 125/125/125
f 125/125/125 126/126/126 126/126/126
f 126/126/126 114/114/114 126/126/126
f 126/126/126 114/114/114 124/124/124
f 114/114/114 121/121/121 124/124/124
f 124/124/124 121/121/121 127/127/127
f 121/121/121 128/128/128 127/127/127
f 127/127/127 128/128/128 128/128/128
f 128/128/128 119/119/119 128/128/128
f 128/128/128 119/119/119 121/121/121
f 119/119/119 129/129/129 121/121/121
f 121/121/121 129/129/129 118/118/118
f 129/129/129 117/117/117 118/118/118
f 118/118/118 117/117/117 130/130/130
f 117/117/117 114/114/114 130/130/130
f 130/130/130 114/114/114 126/126/126
f 114/114/114 126/126/126 126/126/126
f 126/126/126 126/126/126 131/131/131
f 126/126/126 130/130/130 131/131/131
f 131/131/131 130/130/130 114/114/114
f 130/130/130 130/130/130 114/114/114
f 114/114/114 130/130/130 132/132/132
f 130/130/130 132/132/132 132/132/132
f 132/132/132 132/132/132 115/115/115
f 132/132/132 114/114/114 115/115/115
f 115/115/115 114/114/114 126/126/126
f 114/114/114 122/122/122 126/126/126
f 126/126/126 122/122/122 133/133/133
f 122/122/122 133/133/133 133/133/133
f 133/133/133 133/133/133 131/131/131
f 133/133/133 126/126/126 131/131/131
f 131/131/131 126/126/126 134/134/134
f 126/126/126 118/118/118 134/134/134
f 134/134/134 118/118/118 129/129/129
f 118/118/118 89/89/89 129/129/129
f 129/129/129 89/89/89 135/135/135
f 89/89/89 97/97/97 135/135/135
f 135/135/135 97/97/97 97/97/97
f 97/97/97 96/96/96 97/97/97
f 97/97/97 96/96/96 89/89/89
f 96/96/96 136/136/136 89/89/89
f 89/89/89 136/136/136 76/76/76
f 136/136/136 137/137/137 76/76/76
f 76/76/76 137/137/137 76/76/76
f 137/137/137 136/136/136 76/76/76
f 76/76/76 136/136/136 81/81/81
f 136/136/136 77/77/77 81/81/81
f 81/81/81 77/77/77 138/138/138
f 77/77/77 139/139/139 138/138/138
f 138/138/138 139/139/139 138/138/138
f 139/139/139 77/77/77 138/138/138
f 138/138/138 77/77/77 84/84/84
f 77/77/77 77/77/77 84/84/84
f 84/84/84 77/77/77 139/139/139
f 77/77/77 78/78/78 139/139/139
f 139/139/139 78/78/78 140/140/140
f 78/78/78 91/91/91 140/140/140
f 140/140/140 91/91/91 94/94/94
f 91/91/91 141/141/141 94/94/94
f 94/94/94 141/141/141 97/97/97
f 141/141/141 135/135/135 97/97/97
f 97/97/97 135/135/135 97/97/97
f 135/135/135 141/141/141 97/97/97
f 97/97/97 141/141/141 98/98/98
f 141/141/141 111/111/111 98/98/98
f 98/98/98 111/111/111 110/110/110
f 111/111/111 141/141/141 110/110/110
f 110/110/110 141/141/141 111/111/111
f 141/141/141 142/142/142 111/111/111
f 111/111/111 142/142/142 143/143/143
f 142/142/142 141/141/141 143/143/143
f 143/143/143 141/141/141 110/110/110
f 141/141/141 98/98/98 110/110/110
f 110/110/110 98/98/98 144/144/144
f 98/98/98 109/109/109 144/144/144
f 144/144/144 109/109/109 111/111/111
f 109/109/109 109/109/109 111/111/111
f 111/111/111 109/109/109 144/144/144
f 109/109/109 145/145/145 144/144/144
f 144/144/144 145/145/145 125/125/125
f 145/145/145 123/123/123 125/125/125
f 125/125/125 123/123/123 122/122/122
f 123/123/123 122/122/122 122/122/122
f 122/122/122 122/122/122 126/126/126
f 122/122/122 125/125/125 126/126/126
f 126/126/126 125/125/125 116/116/116
f 125/125/125 119/119/119 116/116/116
f 116/116/116 119/119/119 128/128/128
f 119/119/119 128/128/128 128/128/128
f 128/128/128 128/128/128 146/146/146
f 128/128/128 116/116/116 146/146/146
f 146/146/146 116/116/116 124/124/124
f 116/116/116 113/113/113 124/124/124
f 124/124/124 113/113/113 147/147/147
f 113/113/113 113/113/113 147/147/147
f 147/147/147 113/113/113 148/148/148
f 113/113/113 147/147/147 148/148/148
f 148/148/148 147/147/147 149/149/149
f 147/147/147 148/148/148 149/149/149
f 149/149/149 148/148/148 113/113/113
f 148/148/148 113/113/113 113/113/113
f 113/113/113 113/113/113 115/115/115
f 113/113/113 149/149/149 115/115/115
f 115/115/115 149/149/149 115/115/115
f 149/149/149 150/150/150 115/115/115
f 115/115/115 150/150/150 149/149/149
f 150/150/150 115/115/115 149/149/149
f 149/149/149 115/115/115 132/132/132
f 115/115/115 150/150/150 132/132/132
f 132/132/132 150/150/150 120/120/120
f 150/150/150 151/151/151 120/120/120
f 120/120/120 151/151/151 133/133/133
f 151/151/151 133/133/133 133/133/133
f 133/133/133 133/133/133 122/122/122
f 133/133/133 120/120/120 122/122/122
f 122/122/122 120/120/120 151/151/151
f 120/120/120 120/120/120 151/151/151
f 151/151/151 120/120/120 118/118/118
f 120/120/120 7/7/7 118/118/118
f 118/118/118 7/7/7 152/152/152
f 7/7/7 153/153/153 152/152/152
f 152/152/152 153/153/153 154/154/154
f 153/153/153 155/155/155 154/154/154
f 154/154/154 155/155/155 156/156/156
f 155/155/155 8/8/8 156/156/156
f 156/156/156 8/8/8 157/157/157
f 8/8/8 158/158/158 157/157/157
f 157/157/157 158/158/158 158/158/158
f 158/158/158 159/159/159 158/158/158
f 158/158/158 159/159/159 8/8/8
f 159/159/159 160/160/160 8/8/8
f 8/8/8 160/160/160 161/161/161
f 160/160/160 162/162/162 161/161/161
f 161/161/161 162/162/162 162/162/162
f 162/162/162 163/163/163 162/162/162
f 162/162/162 163/163/163 160/160/160
f 163/163/163 164/164/164 160/160/160
f 160/160/160 164/164/164 161/161/161
f 164/164/164 160/160/160 161/161/161
f 161/161/161 160/160/160 162/162/162
f 160/160/160 165/165/165 162/162/162
f 162/162/162 165/165/165 166/166/166
f 165/165/165 166/166/166 166/166/166
f 166/166/166 166/166/166 163/163/163
f 166/166/166 162/162/162 163/163/163
f 163/163/163 162/162/162 167/167/167
f 162/162/162 161/161/161 167/167/167
f 167/167/167 161/161/161 168/168/168
f 161/161/161 165/165/165 168/168/168
f 168/168/168 165/165/165 162/162/162
f 165/165/165 167/167/167 162/162/162
f 162/162/162 167/167/167 169/169/169
f 167/167/167 170/170/170 169/169/169
f 169/169/169 170/170/170 161/161/161
f 170/170/170 161/161/161 161/161/161
f 161/161/161 161/161/161 164/164/164
f 161/161/161 169/169/169 164/164/164
f 164/164/164 169/169/169 169/169/169
f 169/169/169 164/164/164 169/169/169
f 169/169/169 164/164/164 171/171/171
f 164/164/164 172/172/172 171/171/171
f 171/171/171 172/172/172 173/173/173
f 172/172/172 174/174/174 173/173/173
f 173/173/173 174/174/174 174/174/174
f 174/174/174 175/175/175 174/174/174
f 174/174/174 175/175/175 172/172/172
f 175/175/175 176/176/176 172/172/172
f 172/172/172 176/176/176 177/177/177
f 176/176/176 178/178/178 177/177/177
f 177/177/177 178/178/178 178/178/178
f 178/178/178 179/179/179 178/178/178
f 178/178/178 179/179/179 176/176/176
f 179/179/179 180/180/180 176/176/176
f 176/176/176 180/180/180 181/181/181
f 180/180/180 176/176/176 181/181/181
f 181/181/181 176/176/176 176/176/176
f 176/176/176 179/179/179 176/176/176
f 176/176/176 179/179/179 180/180/180
f 179/179/179 182/182/182 180/180/180
f 180/180/180 182/182/182 173/173/173
f 182/182/182 183/183/183 173/173/173
f 173/173/173 183/183/183 184/184/184
f 183/183/183 185/185/185 184/184/184
f 184/184/184 185/185/185 186/186/186
f 185/185/185 185/185/185 186/186/186
f 186/186/186 185/185/185 187/187/187
f 185/185/185 188/188/188 187/187/187
f 187/187/187 188/188/188 188/188/188
f 188/188/188 186/186/186 188/188/188
f 188/188/188 186/186/186 185/185/185
f 186/186/186 189/189/189 185/185/185
f 185/185/185 189/189/189 190/190/190
f 189/189/189 172/172/172 190/190/190
f 190/190/190 172/172/172 187/187/187
f 172/172/172 191/191/191 187/187/187
f 187/187/187 191/191/191 188/188/188
f 191/191/191 178/178/178 188/188/188
f 188/188/188 178/178/178 177/177/177
f 178/178/178 183/183/183 177/177/177
f 177/177/177 183/183/183 183/183/183
f 183/183/183 190/190/190 183/183/183
f 183/183/183 190/190/190 178/178/178
f 190/190/190 192/192/192 178/178/178
f 178/178/178 192/192/192 189/189/189
f 192/192/192 172/172/172 189/189/189
f 189/189/189 172/172/172 172/172/172
f 172/172/172 175/175/175 172/172/172
f 172/172/172 175/175/175 192/192/192
f 175/175/175 189/189/189 192/192/192
f 192/192/192 189/189/189 193/193/193
f 189/189/189 194/194/194 193/193/193
f 193/193/193 194/194/194 194/194/194
f 194/194/194 190/190/190 194/194/194
f 194/194/194 190/190/190 189/189/189
f 190/190/190 195/195/195 189/189/189
f 189/189/189 195/195/195 196/196/196
f 195/195/195 180/180/180 196/196/196
f 196/196/196 180/180/180 180/180/180
f 180/180/180 179/179/179 180/180/180
f 180/180/180 179/179/179 195/195/195
f 179/179/179 192/192/192 195/195/195
f 195/195/195 192/192/192 197/197/197
f 192/192/192 193/193/193 197/197/197
f 197/197/197 193/193/193 193/193/193
f 193/193/193 189/189/189 193/193/193
f 193/193/193 189/189/189 192/192/192
f 189/189/189 195/195/195 192/192/192
f 192/192/192 195/195/195 179/179/179
f 195/195/195 178/178/178 179/179/179
f 179/179/179 178/178/178 178/178/178
f 178/178/178 198/198/198 178/178/178
f 178/178/178 198/198/198 195/195/195
f 198/198/198 194/194/194 195/195/195
f 195/195/195 194/194/194 198/198/198
f 194/194/194 178/178/178 198/198/198
f 198/198/198 178/178/178 178/178/178
f 178/178/178 190/190/190 178/178/178
f 178/178/178 190/190/190 194/194/194
f 190/190/190 173/173/173 194/194/194
f 194/194/194 173/173/173 182/182/182
f 173/173/173 199/199/199 182/182/182
f 182/182/182 199/199/199 199/199/199
f 199/199/199 174/174/174 199/199/199
f 199/199/199 174/174/174 173/173/173
f 174/174/174 193/193/193 173/173/173
f 173/173/173 193/193/193 200/200/200
f 193/193/193 201/201/201 200/200/200
f 200/200/200 201/201/201 201/201/201
f 201/201/201 194/194/194 201/201/201
f 201/201/201 194/194/194 193/193/193
f 194/194/194 202/202/202 193/193/193
f 193/193/193 202/202/202 198/198/198
f 202/202/202 194/194/194 198/198/198
f 198/198/198 194/194/194 194/194/194
f 194/194/194 201/201/201 194/194/194
f 194/194/194 201/201/201 202/202/202
f 201/201/201 203/203/203 202/202/202
f 202/202/202 203/203/203 204/204/204
f 203/203/203 196/196/196 204/204/204
f 204/204/204 196/196/196 196/196/196
f 196/196/196 195/195/195 196/196/196
f 196/196/196 195/195/195 203/203/203
f 195/195/195 198/198/198 203/203/203
f 203/203/203 198/198/198 202/202/202
f 198/198/198 203/203/203 202/202/202
f 202/202/202 203/203/203 203/203/203
f 203/203/203 195/195/195 203/203/203
f 203/203/203 195/195/195 198/198/198
f 195/195/195 173/173/173 198/198/198
f 198/198/198 173/173/173 172/172/172
f 173/173/173 183/183/183 172/172/172
f 172/172/172 183/183/183 205/205/205
f 183/183/183 175/175/175 205/205/205
f 205/205/205 175/175/175 174/174/174
f 175/175/175 205/205/205 174/174/174
f 174/174/174 205/205/205 206/206/206
f 205/205/205 175/175/175 206/206/206
f 206/206/206 175/175/175 207/207/207
f 175/175/175 205/205/205 207/207/207
f 207/207/207 205/205/205 174/174/174
f 205/205/205 174/174/174 174/174/174
f 174/174/174 174/174/174 199/199/199
f 174/174/174 207/207/207 199/199/199
f 199/199/199 207/207/207 208/208/208
f 207/207/207 197/197/197 208/208/208
f 208/208/208 197/197/197 192/192/192
f 197/197/197 192/192/192 192/192/192
f 192/192/192 192/192/192 206/206/206
f 192/192/192 208/208/208 206/206/206
f 206/206/206 208/208/208 197/197/197
f 208/208/208 209/209/209 197/197/197
f 197/197/197 209/209/209 200/200/200
f 209/209/209 200/200/200 200/200/200
f 200/200/200 200/200/200 193/193/193
f 200/200/200 197/197/197 193/193/193
f 193/193/193 197/197/197 197/197/197
f 197/197/197 208/208/208 197/197/197
f 197/197/197 208/208/208 210/210/210
f 208/208/208 210/210/210 210/210/210
f 210/210/210 210/210/210 209/209/209
f 210/210/210 197/197/197 209/209/209
f 209/209/209 197/197/197 191/191/191
f 197/197/197 169/169/169 191/191/191
f 191/191/191 169/169/169 171/171/171
f 169/169/169 171/171/171 171/171/171
f 171/171/171 171/171/171 211/211/211
f 171/171/171 191/191/191 211/211/211
f 211/211/211 191/191/191 187/187/187
f 191/191/191 170/170/170 187/187/187
f 187/187/187 170/170/170 169/169/169
f 170/170/170 169/169/169 169/169/169
f 169/169/169 169/169/169 191/191/191
f 169/169/169 187/187/187 191/191/191
f 191/191/191 187/187/187 185/185/185
f 187/187/187 168/168/168 185/185/185
f 185/185/185 168/168/168 170/170/170
f 168/168/168 170/170/170 170/170/170
f 170/170/170 170/170/170 187/187/187
f 170/170/170 185/185/185 187/187/187
f 187/187/187 185/185/185 211/211/211
f 185/185/185 171/171/171 211/211/211
f 211/211/211 171/171/171 156/156/156
f 171/171/171 156/156/156 156/156/156
f 156/156/156 156/156/156 212/212/212
f 156/156/156 211/211/211 212/212/212
f 212/212/212 211/211/211 213/213/213
f 211/211/211 207/207/207 213/213/213
f 213/213/213 207/207/207 212/212/212
f 207/207/207 185/185/185 212/212/212
f 212/212/212 185/185/185 184/184/184
f 185/185/185 214/214/214 184/184/184
f 184/184/184 214/214/214 184/184/184
f 214/214/214 215/215/215 184/184/184
f 184/184/184 215/215/215 214/214/214
f 215/215/215 216/216/216 214/214/214
f 214/214/214 216/216/216 217/217/217
f 216/216/216 218/218/218 217/217/217
f 217/217/217 218/218/218 218/218/218
f 218/218/218 156/156/156 218/218/218
f 218/218/218 156/156/156 216/216/216
f 156/156/156 219/219/219 216/216/216
f 216/216/216 219/219/219 220/220/220
f 219/219/219 221/221/221 220/220/220
f 220/220/220 221/221/221 221/221/221
f 221/221/221 222/222/222 221/221/221
f 221/221/221 222/222/222 219/219/219
f 222/222/222 221/221/221 219/219/219
f 219/219/219 221/221/221 223/223/223
f 221/221/221 224/224/224 223/223/223
f 223/223/223 224/224/224 224/224/224
f 224/224/224 222/222/222 224/224/224
f 224/224/224 222/222/222 221/221/221
f 222/222/222 224/224/224 221/221/221
f 221/221/221 224/224/224 167/167/167
f 224/224/224 168/168/168 167/167/167
f 167/167/167 168/168/168 224/224/224
f 168/168/168 223/223/223 224/224/224
f 224/224/224 223/223/223 167/167/167
f 223/223/223 223/223/223 167/167/167
f 167/167/167 223/223/223 165/165/165
f 223/223/223 167/167/167 165/165/165
f 165/165/165 167/167/167 167/167/167
f 167/167/167 162/162/162 167/167/167
f 167/167/167 162/162/162 161/161/161
f 162/162/162 161/161/161 161/161/161
f 161/161/161 161/161/161 170/170/170
f 161/161/161 168/168/168 170/170/170
f 170/170/170 168/168/168 156/156/156
f 168/168/168 171/171/171 156/156/156
f 156/156/156 171/171/171 154/154/154
f 171/171/171 76/76/76 154/154/154
f 154/154/154 76/76/76 75/75/75
f 76/76/76 137/137/137 75/75/75
f 75/75/75 137/137/137 91/91/91
f 137/137/137 140/140/140 91/91/91
f 91/91/91 140/140/140 90/90/90
f 140/140/140 91/91/91 90/90/90
f 90/90/90 91/91/91 102/102/102
f 91/91/91 108/108/108 102/102/102
f 102/102/102 108/108/108 59/59/59
f 108/108/108 58/58/58 59/59/59
f 59/59/59 58/58/58 225/225/225
f 58/58/58 225/225/225 225/225/225
f 225/225/225 225/225/225 60/60/60
f 225/225/225 59/59/59 60/60/60
f 60/60/60 59/59/59 225/225/225
f 59/59/59 58/58/58 225/225/225
f 225/225/225 58/58/58 57/57/57
f 58/58/58 206/206/206 57/57/57
f 57/57/57 206/206/206 192/192/192
f 206/206/206 175/175/175 192/192/192
f 192/192/192 175/175/175 190/190/190
f 175/175/175 183/183/183 190/190/190
f 190/190/190 183/183/183 172/172/172
f 183/183/183 26/26/26 172/172/172
f 172/172/172 26/26/26 49/49/49
f 26/26/26 9/9/9 49/49/49
f 49/49/49 9/9/9 25/25/25
f 9/9/9 14/14/14 25/25/25
f 25/25/25 14/14/14 13/13/13
f 14/14/14 156/156/156 13/13/13
f 13/13/13 156/156/156 155/155/155
f 156/156/156 226/226/226 155/155/155
f 155/155/155 226/226/226 226/226/226
f 226/226/226 227/227/227 226/226/226
f 226/226/226 227/227/227 156/156/156
f 227/227/227 39/39/39 156/156/156
f 156/156/156 39/39/39 70/70/70
f 39/39/39 40/40/40 70/70/70
f 70/70/70 40/40/40 106/106/106
f 40/40/40 98/98/98 106/106/106
f 106/106/106 98/98/98 110/110/110
f 98/98/98 48/48/48 110/110/110
f 110/110/110 48/48/48 42/42/42
f 48/48/48 39/39/39 42/42/42
f 42/42/42 39/39/39 164/164/164
f 39/39/39 154/154/154 164/164/164
f 164/164/164 154/154/154 171/171/171
f 154/154/154 228/228/228 171/171/171
f 171/171/171 228/228/228 229/229/229
f 228/228/228 147/147/147 229/229/229
f 229/229/229 147/147/147 147/147/147
f 147/147/147 148/148/148 147/147/147
f 147/147/147 148/148/148 228/228/228
f 148/148/148 113/113/113 228/228/228
f 228/228/228 113/113/113 124/124/124
f 113/113/113 114/114/114 124/124/124
f 124/124/124 114/114/114 75/75/75
f 114/114/114 73/73/73 75/75/75
f 75/75/75 73/73/73 15/15/15
f 73/73/73 76/76/76 15/15/15
f 15/15/15 76/76/76 74/74/74
f 76/76/76 73/73/73 74/74/74
f 74/74/74 73/73/73 134/134/134
f 73/73/73 151/151/151 134/134/134
f 134/134/134 151/151/151 118/118/118
f 151/151/151 216/216/216 118/118/118
f 118/118/118 216/216/216 156/156/156
f 216/216/216 227/227/227 156/156/156
f 156/156/156 227/227/227 51/51/51
f 227/227/227 61/61/61 51/51/51
f 51/51/51 61/61/61 54/54/54
f 61/61/61 22/22/22 54/54/54
f 54/54/54 22/22/22 24/24/24
f 22/22/22 230/230/230 24/24/24
f 24/24/24 230/230/230 231/231/231
f 230/230/230 232/232/232 231/231/231
f 231/231/231 232/232/232 233/233/233
f 232/232/232 233/233/233 233/233/233
f 233/233/233 233/233/233 234/234/234
f 233/233/233 231/231/231 234/234/234
f 234/234/234 231/231/231 232/232/232
f 231/231/231 71/71/71 232/232/232
f 232/232/232 71/71/71 235/235/235
f 71/71/71 235/235/235 235/235/235
f 235/235/235 235/235/235 233/233/233
f 235/235/235 232/232/232 233/233/233
f 233/233/233 232/232/232 65/65/65
f 232/232/232 22/22/22 65/65/65
f 65/65/65 22/22/22 230/230/230
f 22/22/22 230/230/230 230/230/230
f 230/230/230 230/230/230 235/235/235
f 230/230/230 65/65/65 235/235/235
f 235/235/235 65/65/65 71/71/71
f 65/65/65 65/65/65 71/71/71
f 71/71/71 65/65/65 235/235/235
f 65/65/65 236/236/236 235/235/235
f 235/235/235 236/236/236 237/237/237
f 236/236/236 238/238/238 237/237/237
f 237/237/237 238/238/238 237/237/237
f 238/238/238 62/62/62 237/237/237
f 237/237/237 62/62/62 50/50/50
f 62/62/62 50/50/50 50/50/50
f 50/50/50 50/50/50 238/238/238
f 50/50/50 237/237/237 238/238/238
f 238/238/238 237/237/237 6/6/6
f 237/237/237 46/46/46 6/6/6
f 6/6/6 46/46/46 239/239/239
f 46/46/46 240/240/240 239/239/239
f 239/239/239 240/240/240 241/241/241
f 240/240/240 159/159/159 241/241/241
f 241/241/241 159/159/159 159/159/159
f 159/159/159 158/158/158 159/159/159
f 159/159/159 158/158/158 240/240/240
f 158/158/158 8/8/8 240/240/240
f 240/240/240 8/8/8 7/7/7
f 8/8/8 153/153/153 7/7/7
f 7/7/7 153/153/153 153/153/153
f 153/153/153 157/157/157 153/153/153
f 153/153/153 157/157/157 8/8/8
f 157/157/157 242/242/242 8/8/8
f 8/8/8 242/242/242 243/243/243
f 242/242/242 244/244/244 243/243/243
f 243/243/243 244/244/244 244/244/244
f 244/244/244 245/245/245 244/244/244
f 244/244/244 245/245/245 242/242/242
f 245/245/245 246/246/246 242/242/242
f 242/242/242 246/246/246 247/247/247
f 246/246/246 244/244/244 247/247/247
f 247/247/247 244/244/244 244/244/244
f 244/244/244 243/243/243 244/244/244
f 244/244/244 243/243/243 246/246/246
f 243/243/243 248/248/248 246/246/246
f 246/246/246 248/248/248 249/249/249
f 248/248/248 244/244/244 249/249/249
f 249/249/249 244/244/244 250/250/250
f 244/244/244 245/245/245 250/250/250
f 250/250/250 245/245/245 244/244/244
f 245/245/245 249/249/249 244/244/244
f 244/244/244 249/249/249 250/250/250
f 249/249/249 244/244/244 250/250/250
f 250/250/250 244/244/244 6/6/6
f 244/244/244 5/5/5 6/6/6
f 6/6/6 5/5/5 251/251/251
f 5/5/5 251/251/251 251/251/251
f 251/251/251 251/251/251 45/45/45
f 251/251/251 6/6/6 45/45/45
f 45/45/45 6/6/6 152/152/152
f 6/6/6 252/252/252 152/152/152
f 152/152/152 252/252/252 253/253/253
f 252/252/252 253/253/253 253/253/253
f 253/253/253 253/253/253 153/153/153
f 253/253/253 152/152/152 153/153/153
f 153/153/153 152/152/152 7/7/7
f 152/152/152 6/6/6 7/7/7
f 7/7/7 6/6/6 152/152/152
f 6/6/6 152/152/152 152/152/152
f 152/152/152 152/152/152 254/254/254
f 152/152/152 252/252/252 254/254/254
f 254/254/254 252/252/252 46/46/46
f 252/252/252 255/255/255 46/46/46
f 46/46/46 255/255/255 239/239/239
f 255/255/255 239/239/239 239/239/239
f 239/239/239 239/239/239 254/254/254
f 239/239/239 6/6/6 254/254/254
f 254/254/254 6/6/6 157/157/157
f 6/6/6 153/153/153 157/157/157
f 157/157/157 153/153/153 253/253/253
f 153/153/153 253/253/253 253/253/253
f 253/253/253 253/253/253 256/256/256
f 253/253/253 157/157/157 256/256/256
f 256/256/256 157/157/157 157/157/157
f 157/157/157 256/256/256 157/157/157
f 157/157/157 256/256/256 257/257/257
f 256/256/256 257/257/257 257/257/257
f 257/257/257 257/257/257 158/158/158
f 257/257/257 157/157/157 158/158/158
f 158/158/158 157/157/157 257/257/257
f 157/157/157 258/258/258 257/257/257
f 257/257/257 258/258/258 240/240/240
f 258/258/258 240/240/240 240/240/240
f 240/240/240 240/240/240 158/158/158
f 240/240/240 257/257/257 158/158/158
f 158/158/158 257/257/257 6/6/6
f 257/257/257 254/254/254 6/6/6
f 6/6/6 254/254/254 152/152/152
f 254/254/254 5/5/5 152/152/152
f 152/152/152 5/5/5 4/4/4
f 5/5/5 86/86/86 4/4/4
f 4/4/4 86/86/86 86/86/86
f 86/86/86 4/4/4 86/86/86
f 86/86/86 4/4/4 1/1/1
f 4/4/4 1/1/1 1/1/1
f 1/1/1 1/1/1 85/85/85
f 1/1/1 86/86/86 85/85/85
f 85/85/85 86/86/86 3/3/3
f 86/86/86 26/26/26 3/3/3
f 3/3/3 26/26/26 85/85/85
f 26/26/26 5/5/5 85/85/85
f 85/85/85 5/5/5 38/38/38
f 5/5/5 40/40/40 38/38/38
f 38/38/38 40/40/40 40/40/40
f 40/40/40 251/251/251 40/40/40
f 40/40/40 251/251/251 5/5/5
f 251/251/251 5/5/5 5/5/5
f 5/5/5 5/5/5 86/86/86
f 5/5/5 25/25/25 86/86/86
f 86/86/86 25/25/25 25/25/25
f 25/25/25 38/38/38 25/25/25
f 25/25/25 38/38/38 5/5/5
f 38/38/38 259/259/259 5/5/5
f 5/5/5 259/259/259 260/260/260
f 259/259/259 261/261/261 260/260/260
f 260/260/260 261/261/261 261/261/261
f 261/261/261 262/262/262 261/261/261
f 261/261/261 262/262/262 259/259/259
f 262/262/262 263/263/263 259/259/259
f 259/259/259 263/263/263 260/260/260
f 263/263/263 259/259/259 260/260/260
f 260/260/260 259/259/259 259/259/259
f 259/259/259 264/264/264 259/259/259
f 259/259/259 264/264/264 263/263/263
f 264/264/264 263/263/263 263/263/263
f 263/263/263 263/263/263 264/264/264
f 263/263/263 265/265/265 264/264/264
f 264/264/264 265/265/265 266/266/266
f 265/265/265 263/263/263 266/266/266
f 266/266/266 263/263/263 265/265/265
f 263/263/263 265/265/265 265/265/265
f 265/265/265 265/265/265 267/267/267
f 265/265/265 266/266/266 267/267/267
f 267/267/267 266/266/266 268/268/268
f 266/266/266 260/260/260 268/268/268
f 268/268/268 260/260/260 263/263/263
f 260/260/260 263/263/263 263/263/263
f 263/263/263 263/263/263 266/266/266
f 263/263/263 268/268/268 266/266/266
f 266/266/266 268/268/268 261/261/261
f 268/268/268 260/260/260 261/261/261
f 261/261/261 260/260/260 268/268/268
f 260/260/260 268/268/268 268/268/268
f 268/268/268 268/268/268 269/269/269
f 268/268/268 261/261/261 269/269/269
f 269/269/269 261/261/261 267/267/267
f 261/261/261 265/265/265 267/267/267
f 267/267/267 265/265/265 270/270/270
f 265/265/265 270/270/270 270/270/270
f 270/270/270 270/270/270 271/271/271
f 270/270/270 267/267/267 271/271/271
f 271/271/271 267/267/267 264/264/264
f 267/267/267 272/272/272 264/264/264
f 264/264/264 272/272/272 265/265/265
f 272/272/272 273/273/273 265/265/265
f 265/265/265 273/273/273 274/274/274
f 273/273/273 275/275/275 274/274/274
f 274/274/274 275/275/275 275/275/275
f 275/275/275 276/276/276 275/275/275
f 275/275/275 276/276/276 273/273/273
f 276/276/276 277/277/277 273/273/273
f 273/273/273 277/277/277 278/278/278
f 277/277/277 275/275/275 278/278/278
f 278/278/278 275/275/275 275/275/275
f 275/275/275 274/274/274 275/275/275
f 275/275/275 274/274/274 277/277/277
f 274/274/274 265/265/265 277/277/277
f 277/277/277 265/265/265 272/272/272
f 265/265/265 270/270/270 272/272/272
f 272/272/272 270/270/270 279/279/279
f 270/270/270 280/280/280 279/279/279
f 279/279/279 280/280/280 281/281/281
f 280/280/280 281/281/281 281/281/281
f 281/281/281 281/281/281 282/282/282
f 281/281/281 279/279/279 282/282/282
f 282/282/282 279/279/279 280/280/280
f 279/279/279 279/279/279 280/280/280
f 280/280/280 279/279/279 283/283/283
f 279/279/279 283/283/283 283/283/283
f 283/283/283 283/283/283 284/284/284
f 283/283/283 280/280/280 284/284/284
f 284/284/284 280/280/280 279/279/279
f 280/280/280 282/282/282 279/279/279
f 279/279/279 282/282/282 285/285/285
f 282/282/282 285/285/285 285/285/285
f 285/285/285 285/285/285 286/286/286
f 285/285/285 279/279/279 286/286/286
f 286/286/286 279/279/279 283/283/283
f 279/279/279 279/279/279 283/283/283
f 283/283/283 279/279/279 286/286/286
f 279/279/279 286/286/286 286/286/286
f 286/286/286 286/286/286 287/287/287
f 286/286/286 283/283/283 287/287/287
f 287/287/287 283/283/283 288/288/288
f 283/283/283 289/289/289 288/288/288
f 288/288/288 289/289/289 290/290/290
f 289/289/289 287/287/287 290/290/290
f 290/290/290 287/287/287 286/286/286
f 287/287/287 290/290/290 286/286/286
f 286/286/286 290/290/290 290/290/290
f 290/290/290 291/291/291 290/290/290
f 290/290/290 291/291/291 287/287/287
f 291/291/291 290/290/290 287/287/287
f 287/287/287 290/290/290 286/286/286
f 290/290/290 285/285/285 286/286/286
f 286/286/286 285/285/285 285/285/285
f 285/285/285 288/288/288 285/285/285
f 285/285/285 288/288/288 290/290/290
f 288/288/288 191/191/191 290/290/290
f 290/290/290 191/191/191 211/211/211
f 191/191/191 182/182/182 211/211/211
f 211/211/211 182/182/182 182/182/182
f 182/182/182 292/292/292 182/182/182
f 182/182/182 292/292/292 191/191/191
f 292/292/292 182/182/182 191/191/191
f 191/191/191 182/182/182 211/211/211
f 182/182/182 212/212/212 211/211/211
f 211/211/211 212/212/212 212/212/212
f 212/212/212 199/199/199 212/212/212
f 212/212/212 199/199/199 182/182/182
f 199/199/199 199/199/199 182/182/182
f 182/182/182 199/199/199 212/212/212
f 199/199/199 207/207/207 212/212/212
f 212/212/212 207/207/207 191/191/191
f 207/207/207 292/292/292 191/191/191
f 191/191/191 292/292/292 188/188/188
f 292/292/292 177/177/177 188/188/188
f 188/188/188 177/177/177 176/176/176
f 177/177/177 186/186/186 176/176/176
f 176/176/176 186/186/186 186/186/186
f 186/186/186 188/188/188 186/186/186
f 186/186/186 188/188/188 177/177/177
f 188/188/188 186/186/186 177/177/177
f 177/177/177 186/186/186 176/176/176
f 186/186/186 181/181/181 176/176/176
f 176/176/176 181/181/181 181/181/181
f 181/181/181 184/184/184 181/181/181
f 181/181/181 184/184/184 186/186/186
f 184/184/184 182/182/182 186/186/186
f 186/186/186 182/182/182 183/183/183
f 182/182/182 292/292/292 183/183/183
f 183/183/183 292/292/292 292/292/292
f 292/292/292 183/183/183 292/292/292
f 292/292/292 183/183/183 177/177/177
f 183/183/183 177/177/177 177/177/177
f 177/177/177 177/177/177 188/188/188
f 177/177/177 292/292/292 188/188/188
f 188/188/188 292/292/292 269/269/269
f 292/292/292 277/277/277 269/269/269
f 269/269/269 277/277/277 274/274/274
f 277/277/277 274/274/274 274/274/274
f 274/274/274 274/274/274 261/261/261
f 274/274/274 269/269/269 261/261/261
f 261/261/261 269/269/269 274/274/274
f 269/269/269 273/273/273 274/274/274
f 274/274/274 273/273/273 262/262/262
f 273/273/273 262/262/262 262/262/262
f 262/262/262 262/262/262 261/261/261
f 262/262/262 274/274/274 261/261/261
f 261/261/261 274/274/274 278/278/278
f 274/274/274 277/277/277 278/278/278
f 278/278/278 277/277/277 293/293/293
f 277/277/277 293/293/293 293/293/293
f 293/293/293 293/293/293 294/294/294
f 293/293/293 278/278/278 294/294/294
f 294/294/294 278/278/278 277/277/277
f 278/278/278 269/269/269 277/277/277
f 277/277/277 269/269/269 293/293/293
f 269/269/269 106/106/106 293/293/293
f 293/293/293 106/106/106 127/127/127
f 106/106/106 295/295/295 127/127/127
f 127/127/127 295/295/295 295/295/295
f 295/295/295 105/105/105 295/295/295
f 295/295/295 105/105/105 106/106/106
f 105/105/105 295/295/295 106/106/106
f 106/106/106 295/295/295 296/296/296
f 295/295/295 112/112/112 296/296/296
f 296/296/296 112/112/112 112/112/112
f 112/112/112 105/105/105 112/112/112
f 112/112/112 105/105/105 295/295/295
f 105/105/105 296/296/296 295/295/295
f 295/295/295 296/296/296 297/297/297
f 296/296/296 103/103/103 297/297/297
f 297/297/297 103/103/103 103/103/103
f 103/103/103 112/112/112 103/103/103
f 103/103/103 112/112/112 296/296/296
f 112/112/112 103/103/103 296/296/296
f 296/296/296 103/103/103 297/297/297
f 103/103/103 229/229/229 297/297/297
f 297/297/297 229/229/229 229/229/229
f 229/229/229 104/104/104 229/229/229
f 229/229/229 104/104/104 103/103/103
f 104/104/104 79/79/79 103/103/103
f 103/103/103 79/79/79 12/12/12
f 79/79/79 11/11/11 12/12/12
f 12/12/12 11/11/11 137/137/137
f 11/11/11 75/75/75 137/137/137
f 137/137/137 75/75/75 80/80/80
f 75/75/75 89/89/89 80/80/80
f 80/80/80 89/89/89 96/96/96
f 89/89/89 100/100/100 96/96/96
f 96/96/96 100/100/100 100/100/100
f 100/100/100 87/87/87 100/100/100
f 100/100/100 87/87/87 89/89/89
f 87/87/87 87/87/87 89/89/89
f 89/89/89 87/87/87 100/100/100
f 87/87/87 92/92/92 100/100/100
f 100/100/100 92/92/92 92/92/92
f 92/92/92 90/90/90 92/92/92
f 92/92/92 90/90/90 87/87/87
f 90/90/90 42/42/42 87/87/87
f 87/87/87 42/42/42 48/48/48
f 42/42/42 298/298/298 48/48/48
f 48/48/48 298/298/298 298/298/298
f 298/298/298 48/48/48 298/298/298
f 298/298/298 48/48/48 73/73/73
f 48/48/48 298/298/298 73/73/73
f 73/73/73 298/298/298 73/73/73
f 298/298/298 72/72/72 73/73/73
f 73/73/73 72/72/72 42/42/42
f 72/72/72 298/298/298 42/42/42
f 42/42/42 298/298/298 43/43/43
f 298/298/298 298/298/298 43/43/43
f 43/43/43 298/298/298 299/299/299
f 298/298/298 43/43/43 299/299/299
f 299/299/299 43/43/43 300/300/300
f 43/43/43 301/301/301 300/300/300
f 300/300/300 301/301/301 302/302/302
f 301/301/301 303/303/303 302/302/302
f 302/302/302 303/303/303 304/304/304
f 303/303/303 301/301/301 304/304/304
f 304/304/304 301/301/301 300/300/300
f 301/301/301 305/305/305 300/300/300
f 300/300/300 305/305/305 301/301/301
f 305/305/305 306/306/306 301/301/301
f 301/301/301 306/306/306 307/307/307
f 306/306/306 308/308/308 307/307/307
f 307/307/307 308/308/308 308/308/308
f 308/308/308 309/309/309 308/308/308
f 308/308/308 309/309/309 306/306/306
f 309/309/309 310/310/310 306/306/306
f 306/306/306 310/310/310 311/311/311
f 310/310/310 312/312/312 311/311/311
f 311/311/311 312/312/312 312/312/312
f 312/312/312 313/313/313 312/312/312
f 312/312/312 313/313/313 310/310/310
f 313/313/313 314/314/314 310/310/310
f 310/310/310 314/314/314 315/315/315
f 314/314/314 307/307/307 315/315/315
f 315/315/315 307/307/307 307/307/307
f 307/307/307 306/306/306 307/307/307
f 307/307/307 306/306/306 314/314/314
f 306/306/306 316/316/316 314/314/314
f 314/314/314 316/316/316 317/317/317
f 316/316/316 311/311/311 317/317/317
f 317/317/317 311/311/311 311/311/311
f 311/311/311 310/310/310 311/311/311
f 311/311/311 310/310/310 316/316/316
f 310/310/310 309/309/309 316/316/316
f 316/316/316 309/309/309 308/308/308
f 309/309/309 318/318/318 308/308/308
f 308/308/308 318/318/318 318/318/318
f 318/318/318 319/319/319 318/318/318
f 318/318/318 319/319/319 309/309/309
f 319/319/319 319/319/319 309/309/309
f 309/309/309 319/319/319 318/318/318
f 319/319/319 317/317/317 318/318/318
f 318/318/318 317/317/317 317/317/317
f 317/317/317 316/316/316 317/317/317
f 317/317/317 316/316/316 319/319/319
f 316/316/316 159/159/159 319/319/319
f 319/319/319 159/159/159 2/2/2
f 159/159/159 1/1/1 2/2/2
f 2/2/2 1/1/1 1/1/1
f 1/1/1 8/8/8 1/1/1
f 1/1/1 8/8/8 159/159/159
f 8/8/8 2/2/2 159/159/159
f 159/159/159 2/2/2 159/159/159
f 2/2/2 241/241/241 159/159/159
f 159/159/159 241/241/241 241/241/241
f 241/241/241 44/44/44 241/241/241
f 241/241/241 44/44/44 2/2/2
f 44/44/44 22/22/22 2/2/2
f 2/2/2 22/22/22 64/64/64
f 22/22/22 23/23/23 64/64/64
f 64/64/64 23/23/23 68/68/68
f 23/23/23 69/69/69 68/68/68
f 68/68/68 69/69/69 320/320/320
f 69/69/69 20/20/20 320/320/320
f 320/320/320 20/20/20 68/68/68
f 20/20/20 21/21/21 68/68/68
f 68/68/68 21/21/21 11/11/11
f 21/21/21 18/18/18 11/11/11
f 11/11/11 18/18/18 321/321/321
f 18/18/18 321/321/321 321/321/321
f 321/321/321 321/321/321 322/322/322
f 321/321/321 11/11/11 322/322/322
f 322/322/322 11/11/11 18/18/18
f 11/11/11 29/29/29 18/18/18
f 18/18/18 29/29/29 323/323/323
f 29/29/29 323/323/323 323/323/323
f 323/323/323 323/323/323 321/321/321
f 323/323/323 18/18/18 321/321/321
f 321/321/321 18/18/18 156/156/156
f 18/18/18 218/218/218 156/156/156
f 156/156/156 218/218/218 213/213/213
f 218/218/218 213/213/213 213/213/213
f 213/213/213 213/213/213 212/212/212
f 213/213/213 156/156/156 212/212/212
f 212/212/212 156/156/156 215/215/215
f 156/156/156 222/222/222 215/215/215
f 215/215/215 222/222/222 224/224/224
f 222/222/222 224/224/224 224/224/224
f 224/224/224 224/224/224 214/214/214
f 224/224/224 215/215/215 214/214/214
f 214/214/214 215/215/215 185/185/185
f 215/215/215 214/214/214 185/185/185
f 185/185/185 214/214/214 224/224/224
f 214/214/214 224/224/224 224/224/224
f 224/224/224 224/224/224 168/168/168
f 224/224/224 185/185/185 168/168/168
f 168/168/168 185/185/185 106/106/106
f 185/185/185 109/109/109 106/106/106
f 106/106/106 109/109/109 128/128/128
f 109/109/109 128/128/128 128/128/128
f 128/128/128 128/128/128 127/127/127
f 128/128/128 106/106/106 127/127/127
f 127/127/127 106/106/106 109/109/109
f 106/106/106 145/145/145 109/109/109
f 109/109/109 145/145/145 146/146/146
f 145/145/145 146/146/146 146/146/146
f 146/146/146 146/146/146 128/128/128
f 146/146/146 109/109/109 128/128/128
f 128/128/128 109/109/109 107/107/107
f 109/109/109 104/104/104 107/107/107
f 107/107/107 104/104/104 229/229/229
f 104/104/104 229/229/229 229/229/229
f 229/229/229 229/229/229 228/228/228
f 229/229/229 107/107/107 228/228/228
f 228/228/228 107/107/107 121/121/121
f 107/107/107 123/123/123 121/121/121
f 121/121/121 123/123/123 295/295/295
f 123/123/123 295/295/295 295/295/295
f 295/295/295 295/295/295 127/127/127
f 295/295/295 121/121/121 127/127/127
f 127/127/127 121/121/121 123/123/123
f 121/121/121 125/125/125 123/123/123
f 123/123/123 125/125/125 296/296/296
f 125/125/125 296/296/296 296/296/296
f 296/296/296 296/296/296 295/295/295
f 296/296/296 123/123/123 295/295/295
f 295/295/295 123/123/123 125/125/125
f 123/123/123 124/124/124 125/125/125
f 125/125/125 124/124/124 297/297/297
f 124/124/124 297/297/297 297/297/297
f 297/297/297 297/297/297 296/296/296
f 297/297/297 125/125/125 296/296/296
f 296/296/296 125/125/125 124/124/124
f 125/125/125 147/147/147 124/124/124
f 124/124/124 147/147/147 229/229/229
f 147/147/147 229/229/229 229/229/229
f 229/229/229 229/229/229 297/297/297
f 229/229/229 124/124/124 297/297/297
f 297/297/297 124/124/124 19/19/19
f 124/124/124 21/21/21 19/19/19
f 19/19/19 21/21/21 324/324/324
f 21/21/21 324/324/324 324/324/324
f 324/324/324 324/324/324 325/325/325
f 324/324/324 19/19/19 325/325/325
f 325/325/325 19/19/19 91/91/91
f 19/19/19 108/108/108 91/91/91
f 91/91/91 108/108/108 93/93/93
f 108/108/108 143/143/143 93/93/93
f 93/93/93 143/143/143 144/144/144
f 143/143/143 111/111/111 144/144/144
f 144/144/144 111/111/111 326/326/326
f 111/111/111 327/327/327 326/326/326
f 326/326/326 327/327/327 313/313/313
f 327/327/327 313/313/313 313/313/313
f 313/313/313 313/313/313 312/312/312
f 313/313/313 326/326/326 312/312/312
f 312/312/312 326/326/326 328/328/328
f 326/326/326 329/329/329 328/328/328
f 328/328/328 329/329/329 301/301/301
f 329/329/329 301/301/301 301/301/301
f 301/301/301 301/301/301 330/330/330
f 301/301/301 302/302/302 330/330/330
f 330/330/330 302/302/302 304/304/304
f 302/302/302 330/330/330 304/304/304
f 304/304/304 330/330/330 301/301/301
f 330/330/330 305/305/305 301/301/301
f 301/301/301 305/305/305 328/328/328
f 305/305/305 301/301/301 328/328/328
f 328/328/328 301/301/301 329/329/329
f 301/301/301 303/303/303 329/329/329
f 329/329/329 303/303/303 301/301/301
f 303/303/303 234/234/234 301/301/301
f 301/301/301 234/234/234 331/331/331
f 234/234/234 332/332/332 331/331/331
f 331/331/331 332/332/332 332/332/332
f 332/332/332 231/231/231 332/332/332
f 332/332/332 231/231/231 234/234/234
f 231/231/231 333/333/333 234/234/234
f 234/234/234 333/333/333 334/334/334
f 333/333/333 335/335/335 334/334/334
f 334/334/334 335/335/335 336/336/336
f 335/335/335 337/337/337 336/336/336
f 336/336/336 337/337/337 338/338/338
f 337/337/337 338/338/338 338/338/338
f 338/338/338 338/338/338 339/339/339
f 338/338/338 336/336/336 339/339/339
f 339/339/339 336/336/336 336/336/336
f 336/336/336 333/333/333 336/336/336
f 336/336/336 333/333/333 340/340/340
f 333/333/333 340/340/340 340/340/340
f 340/340/340 340/340/340 337/337/337
f 340/340/340 336/336/336 337/337/337
f 337/337/337 336/336/336 341/341/341
f 336/336/336 342/342/342 341/341/341
f 341/341/341 342/342/342 343/343/343
f 342/342/342 343/343/343 343/343/343
f 343/343/343 343/343/343 344/344/344
f 343/343/343 341/341/341 344/344/344
f 344/344/344 341/341/341 345/345/345
f 341/341/341 346/346/346 345/345/345
f 345/345/345 346/346/346 347/347/347
f 346/346/346 16/16/16 347/347/347
f 347/347/347 16/16/16 343/343/343
f 16/16/16 348/348/348 343/343/343
f 343/343/343 348/348/348 348/348/348
f 348/348/348 17/17/17 348/348/348
f 348/348/348 17/17/17 16/16/16
f 17/17/17 349/349/349 16/16/16
f 16/16/16 349/349/349 350/350/350
f 349/349/349 351/351/351 350/350/350
f 350/350/350 351/351/351 352/352/352
f 351/351/351 353/353/353 352/352/352
f 352/352/352 353/353/353 354/354/354
f 353/353/353 355/355/355 354/354/354
f 354/354/354 355/355/355 356/356/356
f 355/355/355 357/357/357 356/356/356
f 356/356/356 357/357/357 357/357/357
f 357/357/357 358/358/358 357/357/357
f 357/357/357 358/358/358 355/355/355
f 358/358/358 359/359/359 355/355/355
f 355/355/355 359/359/359 30/30/30
f 359/359/359 17/17/17 30/30/30
f 30/30/30 17/17/17 17/17/17
f 17/17/17 348/348/348 17/17/17
f 17/17/17 348/348/348 359/359/359
f 348/348/348 360/360/360 359/359/359
f 359/359/359 360/360/360 34/34/34
f 360/360/360 33/33/33 34/34/34
f 34/34/34 33/33/33 33/33/33
f 33/33/33 361/361/361 33/33/33
f 33/33/33 361/361/361 360/360/360
f 361/361/361 35/35/35 360/360/360
f 360/360/360 35/35/35 36/36/36
f 35/35/35 334/334/334 36/36/36
f 36/36/36 334/334/334 334/334/334
f 334/334/334 344/344/344 334/334/334
f 334/334/334 344/344/344 35/35/35
f 344/344/344 355/355/355 35/35/35
f 35/35/35 355/355/355 362/362/362
f 355/355/355 345/345/345 362/362/362
f 362/362/362 345/345/345 343/343/343
f 345/345/345 16/16/16 343/343/343
f 343/343/343 16/16/16 35/35/35
f 16/16/16 35/35/35 35/35/35
f 35/35/35 35/35/35 344/344/344
f 35/35/35 343/343/343 344/344/344
f 344/344/344 343/343/343 357/357/357
f 343/343/343 341/341/341 357/357/357
f 357/357/357 341/341/341 358/358/358
f 341/341/341 363/363/363 358/358/358
f 358/358/358 363/363/363 40/40/40
f 363/363/363 364/364/364 40/40/40
f 40/40/40 364/364/364 41/41/41
f 364/364/364 43/43/43 41/41/41
f 41/41/41 43/43/43 365/365/365
f 43/43/43 44/44/44 365/365/365
f 365/365/365 44/44/44 335/335/335
f 44/44/44 334/334/334 335/335/335
f 335/335/335 334/334/334 334/334/334
f 334/334/334 36/36/36 334/334/334
f 334/334/334 36/36/36 44/44/44
f 36/36/36 45/45/45 44/44/44
f 44/44/44 45/45/45 338/338/338
f 45/45/45 46/46/46 338/338/338
f 338/338/338 46/46/46 366/366/366
f 46/46/46 367/367/367 366/366/366
f 366/366/366 367/367/367 346/346/346
f 367/367/367 346/346/346 346/346/346
f 346/346/346 346/346/346 345/345/345
f 346/346/346 366/366/366 345/345/345
f 345/345/345 366/366/366 366/366/366
f 366/366/366 363/363/363 366/366/366
f 366/366/366 363/363/363 364/364/364
f 363/363/363 366/366/366 364/364/364
f 364/364/364 366/366/366 362/362/362
f 366/366/366 363/363/363 362/362/362
f 362/362/362 363/363/363 356/356/356
f 363/363/363 355/355/355 356/356/356
f 356/356/356 355/355/355 347/347/347
f 355/355/355 368/368/368 347/347/347
f 347/347/347 368/368/368 344/344/344
f 368/368/368 334/334/334 344/344/344
f 344/344/344 334/334/334 358/358/358
f 334/334/334 368/368/368 358/358/358
f 358/358/358 368/368/368 334/334/334
f 368/368/368 362/362/362 334/334/334
f 334/334/334 362/362/362 355/355/355
f 362/362/362 363/363/363 355/355/355
f 355/355/355 363/363/363 369/369/369
f 363/363/363 370/370/370 369/369/369
f 369/369/369 370/370/370 371/371/371
f 370/370/370 372/372/372 371/371/371
f 371/371/371 372/372/372 54/54/54
f 372/372/372 371/371/371 54/54/54
f 54/54/54 371/371/371 369/369/369
f 371/371/371 373/373/373 369/369/369
f 369/369/369 373/373/373 370/370/370
f 373/373/373 374/374/374 370/370/370
f 370/370/370 374/374/374 375/375/375
f 374/374/374 376/376/376 375/375/375
f 375/375/375 376/376/376 375/375/375
f 376/376/376 373/373/373 375/375/375
f 375/375/375 373/373/373 377/377/377
f 373/373/373 369/369/369 377/377/377
f 377/377/377 369/369/369 378/378/378
f 369/369/369 379/379/379 378/378/378
f 378/378/378 379/379/379 61/61/61
f 379/379/379 380/380/380 61/61/61
f 61/61/61 380/380/380 369/369/369
f 380/380/380 61/61/61 369/369/369
f 369/369/369 61/61/61 63/63/63
f 61/61/61 380/380/380 63/63/63
f 63/63/63 380/380/380 381/381/381
f 380/380/380 382/382/382 381/381/381
f 381/381/381 382/382/382 352/352/352
f 382/382/382 367/367/367 352/352/352
f 352/352/352 367/367/367 366/366/366
f 367/367/367 364/364/364 366/366/366
f 366/366/366 364/364/364 366/366/366
f 364/364/364 345/345/345 366/366/366
f 366/366/366 345/345/345 362/362/362
f 345/345/345 361/361/361 362/362/362
f 362/362/362 361/361/361 383/383/383
f 361/361/361 384/384/384 383/383/383
f 383/383/383 384/384/384 385/385/385
f 384/384/384 386/386/386 385/385/385
f 385/385/385 386/386/386 351/351/351
f 386/386/386 369/369/369 351/351/351
f 351/351/351 369/369/369 377/377/377
f 369/369/369 373/373/373 377/377/377
f 377/377/377 373/373/373 360/360/360
f 373/373/373 361/361/361 360/360/360
f 360/360/360 361/361/361 384/384/384
f 361/361/361 368/368/368 384/384/384
f 384/384/384 368/368/368 341/341/341
f 368/368/368 344/344/344 341/341/341
f 341/341/341 344/344/344 364/364/364
f 344/344/344 70/70/70 364/364/364
f 364/364/364 70/70/70 41/41/41
f 70/70/70 41/41/41 41/41/41
f 41/41/41 41/41/41 365/365/365
f 41/41/41 364/364/364 365/365/365
f 365/365/365 364/364/364 370/370/370
f 364/364/364 372/372/372 370/370/370
f 370/370/370 372/372/372 371/371/371
f 372/372/372 371/371/371 371/371/371
f 371/371/371 371/371/371 61/61/61
f 371/371/371 369/369/369 61/61/61
f 61/61/61 369/369/369 382/382/382
f 369/369/369 381/381/381 382/382/382
f 382/382/382 381/381/381 387/387/387
f 381/381/381 388/388/388 387/387/387
f 387/387/387 388/388/388 389/389/389
f 388/388/388 390/390/390 389/389/389
f 389/389/389 390/390/390 367/367/367
f 390/390/390 390/390/390 367/367/367
f 367/367/367 390/390/390 346/346/346
f 390/390/390 391/391/391 346/346/346
f 346/346/346 391/391/391 390/390/390
f 391/391/391 392/392/392 390/390/390
f 390/390/390 392/392/392 393/393/393
f 392/392/392 394/394/394 393/393/393
f 393/393/393 394/394/394 342/342/342
f 394/394/394 342/342/342 342/342/342
f 342/342/342 342/342/342 395/395/395
f 342/342/342 393/393/393 395/395/395
f 395/395/395 393/393/393 396/396/396
f 393/393/393 346/346/346 396/396/396
f 396/396/396 346/346/346 391/391/391
f 346/346/346 397/397/397 391/391/391
f 391/391/391 397/397/397 392/392/392
f 397/397/397 389/389/389 392/392/392
f 392/392/392 389/389/389 389/389/389
f 389/389/389 398/398/398 389/389/389
f 389/389/389 398/398/398 397/397/397
f 398/398/398 342/342/342 397/397/397
f 397/397/397 342/342/342 341/341/341
f 342/342/342 395/395/395 341/341/341
f 341/341/341 395/395/395 393/393/393
f 395/395/395 399/399/399 393/393/393
f 393/393/393 399/399/399 400/400/400
f 399/399/399 400/400/400 400/400/400
f 400/400/400 400/400/400 394/394/394
f 400/400/400 393/393/393 394/394/394
f 394/394/394 393/393/393 357/357/357
f 393/393/393 395/395/395 357/357/357
f 357/357/357 395/395/395 341/341/341
f 395/395/395 347/347/347 341/341/341
f 341/341/341 347/347/347 346/346/346
f 347/347/347 396/396/396 346/346/346
f 346/346/346 396/396/396 334/334/334
f 396/396/396 333/333/333 334/334/334
f 334/334/334 333/333/333 401/401/401
f 333/333/333 401/401/401 401/401/401
f 401/401/401 401/401/401 402/402/402
f 401/401/401 355/355/355 402/402/402
f 402/402/402 355/355/355 355/355/355
f 355/355/355 358/358/358 355/355/355
f 355/355/355 358/358/358 401/401/401
f 358/358/358 403/403/403 401/401/401
f 401/401/401 403/403/403 404/404/404
f 403/403/403 405/405/405 404/404/404
f 404/404/404 405/405/405 405/405/405
f 405/405/405 406/406/406 405/405/405
f 405/405/405 406/406/406 403/403/403
f 406/406/406 407/407/407 403/403/403
f 403/403/403 407/407/407 408/408/408
f 407/407/407 406/406/406 408/408/408
f 408/408/408 406/406/406 407/407/407
f 406/406/406 409/409/409 407/407/407
f 407/407/407 409/409/409 410/410/410
f 409/409/409 411/411/411 410/410/410
f 410/410/410 411/411/411 412/412/412
f 411/411/411 413/413/413 412/412/412
f 412/412/412 413/413/413 413/413/413
f 413/413/413 414/414/414 413/413/413
f 413/413/413 414/414/414 411/411/411
f 414/414/414 415/415/415 411/411/411
f 411/411/411 415/415/415 411/411/411
f 415/415/415 414/414/414 411/411/411
f 411/411/411 414/414/414 414/414/414
f 414/414/414 416/416/416 414/414/414
f 414/414/414 416/416/416 415/415/415
f 416/416/416 417/417/417 415/415/415
f 415/415/415 417/417/417 415/415/415
f 417/417/417 416/416/416 415/415/415
f 415/415/415 416/416/416 416/416/416
f 416/416/416 408/408/408 416/416/416
f 416/416/416 408/408/408 417/417/417
f 408/408/408 418/418/418 417/417/417
f 417/417/417 418/418/418 417/417/417
f 418/418/418 408/408/408 417/417/417
f 417/417/417 408/408/408 408/408/408
f 408/408/408 407/407/407 408/408/408
f 408/408/408 407/407/407 418/418/418
f 407/407/407 418/418/418 418/418/418
f 418/418/418 418/418/418 419/419/419
f 418/418/418 420/420/420 419/419/419
f 419/419/419 420/420/420 420/420/420
f 420/420/420 417/417/417 420/420/420
f 420/420/420 417/417/417 418/418/418
f 417/417/417 421/421/421 418/418/418
f 418/418/418 421/421/421 422/422/422
f 421/421/421 412/412/412 422/422/422
f 422/422/422 412/412/412 412/412/412
f 412/412/412 411/411/411 412/412/412
f 412/412/412 411/411/411 421/421/421
f 411/411/411 419/419/419 421/421/421
f 421/421/421 419/419/419 418/418/418
f 419/419/419 423/423/423 418/418/418
f 418/418/418 423/423/423 423/423/423
f 423/423/423 424/424/424 423/423/423
f 423/423/423 424/424/424 419/419/419
f 424/424/424 425/425/425 419/419/419
f 419/419/419 425/425/425 426/426/426
f 425/425/425 422/422/422 426/426/426
f 426/426/426 422/422/422 427/427/427
f 422/422/422 426/426/426 427/427/427
f 427/427/427 426/426/426 425/425/425
f 426/426/426 421/421/421 425/425/425
f 425/425/425 421/421/421 411/411/411
f 421/421/421 415/415/415 411/411/411
f 411/411/411 415/415/415 415/415/415
f 415/415/415 428/428/428 415/415/415
f 415/415/415 428/428/428 421/421/421
f 428/428/428 420/420/420 421/421/421
f 421/421/421 420/420/420 428/428/428
f 420/420/420 415/415/415 428/428/428
f 428/428/428 415/415/415 415/415/415
f 415/415/415 417/417/417 415/415/415
f 415/415/415 417/417/417 420/420/420
f 417/417/417 429/429/429 420/420/420
f 420/420/420 429/429/429 430/430/430
f 429/429/429 431/431/431 430/430/430
f 430/430/430 431/431/431 432/432/432
f 431/431/431 433/433/433 432/432/432
f 432/432/432 433/433/433 434/434/434
f 433/433/433 434/434/434 434/434/434
f 434/434/434 434/434/434 435/435/435
f 434/434/434 432/432/432 435/435/435
f 435/435/435 432/432/432 436/436/436
f 432/432/432 434/434/434 436/436/436
f 436/436/436 434/434/434 433/433/433
f 434/434/434 433/433/433 433/433/433
f 433/433/433 433/433/433 437/437/437
f 433/433/433 436/436/436 437/437/437
f 437/437/437 436/436/436 436/436/436
f 436/436/436 437/437/437 436/436/436
f 436/436/436 437/437/437 438/438/438
f 437/437/437 438/438/438 438/438/438
f 438/438/438 438/438/438 439/439/439
f 438/438/438 436/436/436 439/439/439
f 439/439/439 436/436/436 440/440/440
f 436/436/436 431/431/431 440/440/440
f 440/440/440 431/431/431 441/441/441
f 431/431/431 441/441/441 441/441/441
f 441/441/441 441/441/441 442/442/442
f 441/441/441 440/440/440 442/442/442
f 442/442/442 440/440/440 437/437/437
f 440/440/440 433/433/433 437/437/437
f 437/437/437 433/433/433 443/443/443
f 433/433/433 443/443/443 443/443/443
f 443/443/443 443/443/443 444/444/444
f 443/443/443 437/437/437 444/444/444
f 444/444/444 437/437/437 445/445/445
f 437/437/437 435/435/435 445/445/445
f 445/445/445 435/435/435 434/434/434
f 435/435/435 446/446/446 434/434/434
f 434/434/434 446/446/446 447/447/447
f 446/446/446 441/441/441 447/447/447
f 447/447/447 441/441/441 441/441/441
f 441/441/441 431/431/431 441/441/441
f 441/441/441 431/431/431 446/446/446
f 431/431/431 431/431/431 446/446/446
f 446/446/446 431/431/431 430/430/430
f 431/431/431 448/448/448 430/430/430
f 430/430/430 448/448/448 448/448/448
f 448/448/448 446/446/446 448/448/448
f 448/448/448 446/446/446 431/431/431
f 446/446/446 441/441/441 431/431/431
f 431/431/431 441/441/441 447/447/447
f 441/441/441 449/449/449 447/447/447
f 447/447/447 449/449/449 449/449/449
f 449/449/449 439/439/439 449/449/449
f 449/449/449 439/439/439 441/441/441
f 439/439/439 450/450/450 441/441/441
f 441/441/441 450/450/450 445/445/445
f 450/450/450 434/434/434 445/445/445
f 445/445/445 434/434/434 404/404/404
f 434/434/434 414/414/414 404/404/404
f 404/404/404 414/414/414 413/413/413
f 414/414/414 413/413/413 413/413/413
f 413/413/413 413/413/413 451/451/451
f 413/413/413 404/404/404 451/451/451
f 451/451/451 404/404/404 452/452/452
f 404/404/404 453/453/453 452/452/452
f 452/452/452 453/453/453 392/392/392
f 453/453/453 392/392/392 392/392/392
f 392/392/392 392/392/392 397/397/397
f 392/392/392 452/452/452 397/397/397
f 397/397/397 452/452/452 393/393/393
f 452/452/452 454/454/454 393/393/393
f 393/393/393 454/454/454 455/455/455
f 454/454/454 455/455/455 455/455/455
f 455/455/455 455/455/455 399/399/399
f 455/455/455 393/393/393 399/399/399
f 399/399/399 393/393/393 393/393/393
f 393/393/393 395/395/395 393/393/393
f 393/393/393 395/395/395 454/454/454
f 395/395/395 456/456/456 454/454/454
f 454/454/454 456/456/456 409/409/409
f 456/456/456 407/407/407 409/409/409
f 409/409/409 407/407/407 457/457/457
f 407/407/407 451/451/451 457/457/457
f 457/457/457 451/451/451 413/413/413
f 451/451/451 413/413/413 413/413/413
f 413/413/413 413/413/413 412/412/412
f 413/413/413 457/457/457 412/412/412
f 412/412/412 457/457/457 427/427/427
f 457/457/457 457/457/457 427/427/427
f 427/427/427 457/457/457 426/426/426
f 457/457/457 427/427/427 426/426/426
f 426/426/426 427/427/427 458/458/458
f 427/427/427 459/459/459 458/458/458
f 458/458/458 459/459/459 457/457/457
f 459/459/459 412/412/412 457/457/457
f 457/457/457 412/412/412 426/426/426
f 412/412/412 460/460/460 426/426/426
f 426/426/426 460/460/460 427/427/427
f 460/460/460 425/425/425 427/427/427
f 427/427/427 425/425/425 425/425/425
f 425/425/425 461/461/461 425/425/425
f 425/425/425 461/461/461 460/460/460
f 461/461/461 442/442/442 460/460/460
f 460/460/460 442/442/442 441/441/441
f 442/442/442 439/439/439 441/441/441
f 441/441/441 439/439/439 439/439/439
f 439/439/439 438/438/438 439/439/439
f 439/439/439 438/438/438 442/442/442
f 438/438/438 432/432/432 442/442/442
f 442/442/442 432/432/432 462/462/462
f 432/432/432 443/443/443 462/462/462
f 462/462/462 443/443/443 443/443/443
f 443/443/443 433/433/433 443/443/443
f 443/443/443 433/433/433 432/432/432
f 433/433/433 440/440/440 432/432/432
f 432/432/432 440/440/440 463/463/463
f 440/440/440 429/429/429 463/463/463
f 463/463/463 429/429/429 429/429/429
f 429/429/429 463/463/463 429/429/429
f 429/429/429 463/463/463 464/464/464
f 463/463/463 465/465/465 464/464/464
f 464/464/464 465/465/465 429/429/429
f 465/465/465 464/464/464 429/429/429
f 429/429/429 464/464/464 429/429/429
f 464/464/464 465/465/465 429/429/429
f 429/429/429 465/465/465 430/430/430
f 465/465/465 430/430/430 430/430/430
f 430/430/430 430/430/430 465/465/465
f 430/430/430 466/466/466 465/465/465
f 465/465/465 466/466/466 430/430/430
f 466/466/466 466/466/466 430/430/430
f 430/430/430 466/466/466 448/448/448
f 466/466/466 436/436/436 448/448/448
f 448/448/448 436/436/436 439/439/439
f 436/436/436 449/449/449 439/439/439
f 439/439/439 449/449/449 449/449/449
f 449/449/449 467/467/467 449/449/449
f 449/449/449 467/467/467 436/436/436
f 467/467/467 467/467/467 436/436/436
f 436/436/436 467/467/467 434/434/434
f 467/467/467 436/436/436 434/434/434
f 434/434/434 436/436/436 337/337/337
f 436/436/436 468/468/468 337/337/337
f 337/337/337 468/468/468 469/469/469
f 468/468/468 470/470/470 469/469/469
f 469/469/469 470/470/470 471/471/471
f 470/470/470 155/155/155 471/471/471
f 471/471/471 155/155/155 340/340/340
f 155/155/155 472/472/472 340/340/340
f 340/340/340 472/472/472 473/473/473
f 472/472/472 473/473/473 473/473/473
f 473/473/473 473/473/473 474/474/474
f 473/473/473 340/340/340 474/474/474
f 474/474/474 340/340/340 475/475/475
f 340/340/340 476/476/476 475/475/475
f 475/475/475 476/476/476 477/477/477
f 476/476/476 477/477/477 477/477/477
f 477/477/477 477/477/477 478/478/478
f 477/477/477 475/475/475 478/478/478
f 478/478/478 475/475/475 479/479/479
f 475/475/475 475/475/475 479/479/479
f 479/479/479 475/475/475 478/478/478
f 475/475/475 477/477/477 478/478/478
f 478/478/478 477/477/477 476/476/476
f 477/477/477 166/166/166 476/476/476
f 476/476/476 166/166/166 166/166/166
f 166/166/166 165/165/165 166/166/166
f 166/166/166 165/165/165 477/477/477
f 165/165/165 480/480/480 477/477/477
f 477/477/477 480/480/480 481/481/481
f 480/480/480 478/478/478 481/481/481
f 481/481/481 478/478/478 165/165/165
f 478/478/478 480/480/480 165/165/165
f 165/165/165 480/480/480 477/477/477
f 480/480/480 482/482/482 477/477/477
f 477/477/477 482/482/482 479/479/479
f 482/482/482 478/478/478 479/479/479
f 479/479/479 478/478/478 478/478/478
f 478/478/478 483/483/483 478/478/478
f 478/478/478 483/483/483 482/482/482
f 483/483/483 482/482/482 482/482/482
f 482/482/482 482/482/482 484/484/484
f 482/482/482 479/479/479 484/484/484
f 484/484/484 479/479/479 485/485/485
f 479/479/479 486/486/486 485/485/485
f 485/485/485 486/486/486 487/487/487
f 486/486/486 487/487/487 487/487/487
f 487/487/487 487/487/487 488/488/488
f 487/487/487 485/485/485 488/488/488
f 488/488/488 485/485/485 489/489/489
f 485/485/485 490/490/490 489/489/489
f 489/489/489 490/490/490 491/491/491
f 490/490/490 491/491/491 491/491/491
f 491/491/491 491/491/491 492/492/492
f 491/491/491 489/489/489 492/492/492
f 492/492/492 489/489/489 493/493/493
f 489/489/489 490/490/490 493/493/493
f 493/493/493 490/490/490 489/489/489
f 490/490/490 489/489/489 489/489/489
f 489/489/489 489/489/489 494/494/494
f 489/489/489 493/493/493 494/494/494
f 494/494/494 493/493/493 495/495/495
f 493/493/493 496/496/496 495/495/495
f 495/495/495 496/496/496 488/488/488
f 496/496/496 497/497/497 488/488/488
f 488/488/488 497/497/497 498/498/498
f 497/497/497 499/499/499 498/498/498
f 498/498/498 499/499/499 499/499/499
f 499/499/499 498/498/498 499/499/499
f 499/499/499 498/498/498 500/500/500
f 498/498/498 500/500/500 500/500/500
f 500/500/500 500/500/500 501/501/501
f 500/500/500 499/499/499 501/501/501
f 501/501/501 499/499/499 502/502/502
f 499/499/499 485/485/485 502/502/502
f 502/502/502 485/485/485 503/503/503
f 485/485/485 501/501/501 503/503/503
f 503/503/503 501/501/501 500/500/500
f 501/501/501 504/504/504 500/500/500
f 500/500/500 504/504/504 491/491/491
f 504/504/504 503/503/503 491/491/491
f 491/491/491 503/503/503 496/496/496
f 503/503/503 496/496/496 496/496/496
f 496/496/496 496/496/496 492/492/492
f 496/496/496 491/491/491 492/492/492
f 492/492/492 491/491/491 505/505/505
f 491/491/491 486/486/486 505/505/505
f 505/505/505 486/486/486 485/485/485
f 486/486/486 485/485/485 485/485/485
f 485/485/485 485/485/485 502/502/502
f 485/485/485 505/505/505 502/502/502
f 502/502/502 505/505/505 502/502/502
f 505/505/505 503/503/503 502/502/502
f 502/502/502 503/503/503 506/506/506
f 503/503/503 506/506/506 506/506/506
f 506/506/506 506/506/506 507/507/507
f 506/506/506 502/502/502 507/507/507
f 507/507/507 502/502/502 508/508/508
f 502/502/502 490/490/490 508/508/508
f 508/508/508 490/490/490 493/493/493
f 490/490/490 493/493/493 493/493/493
f 493/493/493 493/493/493 509/509/509
f 493/493/493 508/508/508 509/509/509
f 509/509/509 508/508/508 505/505/505
f 508/508/508 502/502/502 505/505/505
f 505/505/505 502/502/502 507/507/507
f 502/502/502 507/507/507 507/507/507
f 507/507/507 507/507/507 510/510/510
f 507/507/507 505/505/505 510/510/510
f 510/510/510 505/505/505 508/508/508
f 505/505/505 511/511/511 508/508/508
f 508/508/508 511/511/511 491/491/491
f 511/511/511 491/491/491 491/491/491
f 491/491/491 491/491/491 490/490/490
f 491/491/491 508/508/508 490/490/490
f 490/490/490 508/508/508 506/506/506
f 508/508/508 503/503/503 506/506/506
f 506/506/506 503/503/503 491/491/491
f 503/503/503 491/491/491 491/491/491
f 491/491/491 491/491/491 511/511/511
f 491/491/491 506/506/506 511/511/511
f 511/511/511 506/506/506 488/488/488
f 506/506/506 487/487/487 488/488/488
f 488/488/488 487/487/487 512/512/512
f 487/487/487 512/512/512 512/512/512
f 512/512/512 512/512/512 495/495/495
f 512/512/512 488/488/488 495/495/495
f 495/495/495 488/488/488 507/507/507
f 488/488/488 506/506/506 507/507/507
f 507/507/507 506/506/506 513/513/513
f 506/506/506 513/513/513 513/513/513
f 513/513/513 513/513/513 514/514/514
f 513/513/513 507/507/507 514/514/514
f 514/514/514 507/507/507 515/515/515
f 507/507/507 513/513/513 515/515/515
f 515/515/515 513/513/513 506/506/506
f 513/513/513 506/506/506 506/506/506
f 506/506/506 506/506/506 511/511/511
f 506/506/506 515/515/515 511/511/511
f 511/511/511 515/515/515 516/516/516
f 515/515/515 508/508/508 516/516/516
f 516/516/516 508/508/508 509/509/509
f 508/508/508 509/509/509 509/509/509
f 509/509/509 509/509/509 517/517/517
f 509/509/509 516/516/516 517/517/517
f 517/517/517 516/516/516 511/511/511
f 516/516/516 508/508/508 511/511/511
f 511/511/511 508/508/508 516/516/516
f 508/508/508 516/516/516 516/516/516
f 516/516/516 516/516/516 515/515/515
f 516/516/516 511/511/511 515/515/515
f 515/515/515 511/511/511 488/488/488
f 511/511/511 496/496/496 488/488/488
f 488/488/488 496/496/496 485/485/485
f 496/496/496 518/518/518 485/485/485
f 485/485/485 518/518/518 487/487/487
f 518/518/518 486/486/486 487/487/487
f 487/487/487 486/486/486 518/518/518
f 486/486/486 486/486/486 518/518/518
f 518/518/518 486/486/486 519/519/519
f 486/486/486 520/520/520 519/519/519
f 519/519/519 520/520/520 512/512/512
f 520/520/520 487/487/487 512/512/512
f 512/512/512 487/487/487 487/487/487
f 487/487/487 518/518/518 487/487/487
f 487/487/487 518/518/518 520/520/520
f 518/518/518 521/521/521 520/520/520
f 520/520/520 521/521/521 519/519/519
f 521/521/521 505/505/505 519/519/519
f 519/519/519 505/505/505 505/505/505
f 505/505/505 510/510/510 505/505/505
f 505/505/505 510/510/510 521/521/521
f 510/510/510 510/510/510 521/521/521
f 521/521/521 510/510/510 507/507/507
f 510/510/510 514/514/514 507/507/507
f 507/507/507 514/514/514 514/514/514
f 514/514/514 522/522/522 514/514/514
f 514/514/514 522/522/522 510/510/510
f 522/522/522 510/510/510 510/510/510
f 510/510/510 510/510/510 522/522/522
f 510/510/510 523/523/523 522/522/522
f 522/522/522 523/523/523 523/523/523
f 523/523/523 521/521/521 523/523/523
f 523/523/523 521/521/521 510/510/510
f 521/521/521 504/504/504 510/510/510
f 510/510/510 504/504/504 524/524/524
f 504/504/504 484/484/484 524/524/524
f 524/524/524 484/484/484 484/484/484
f 484/484/484 482/482/482 484/484/484
f 484/484/484 482/482/482 504/504/504
f 482/482/482 501/501/501 504/504/504
f 504/504/504 501/501/501 504/504/504
f 501/501/501 482/482/482 504/504/504
f 504/504/504 482/482/482 482/482/482
f 482/482/482 483/483/483 482/482/482
f 482/482/482 483/483/483 501/501/501
f 483/483/483 499/499/499 501/501/501
f 501/501/501 499/499/499 501/501/501
f 499/499/499 483/483/483 501/501/501
f 501/501/501 483/483/483 483/483/483
f 483/483/483 481/481/481 483/483/483
f 483/483/483 481/481/481 499/499/499
f 481/481/481 524/524/524 499/499/499
f 499/499/499 524/524/524 525/525/525
f 524/524/524 471/471/471 525/525/525
f 525/525/525 471/471/471 471/471/471
f 471/471/471 484/484/484 471/471/471
f 471/471/471 484/484/484 524/524/524
f 484/484/484 526/526/526 524/524/524
f 524/524/524 526/526/526 525/525/525
f 526/526/526 520/520/520 525/525/525
f 525/525/525 520/520/520 499/499/499
f 520/520/520 527/527/527 499/499/499
f 499/499/499 527/527/527 497/497/497
f 527/527/527 497/497/497 497/497/497
f 497/497/497 497/497/497 527/527/527
f 497/497/497 528/528/528 527/527/527
f 527/527/527 528/528/528 216/216/216
f 528/528/528 471/471/471 216/216/216
f 216/216/216 471/471/471 529/529/529
f 471/471/471 529/529/529 529/529/529
f 529/529/529 529/529/529 217/217/217
f 529/529/529 216/216/216 217/217/217
f 217/217/217 216/216/216 219/219/219
f 216/216/216 530/530/530 219/219/219
f 219/219/219 530/530/530 221/221/221
f 530/530/530 221/221/221 221/221/221
f 221/221/221 221/221/221 220/220/220
f 221/221/221 219/219/219 220/220/220
f 220/220/220 219/219/219 221/221/221
f 219/219/219 530/530/530 221/221/221
f 221/221/221 530/530/530 531/531/531
f 530/530/530 531/531/531 531/531/531
f 531/531/531 531/531/531 223/223/223
f 531/531/531 221/221/221 223/223/223
f 223/223/223 221/221/221 531/531/531
f 221/221/221 481/481/481 531/531/531
f 531/531/531 481/481/481 480/480/480
f 481/481/481 531/531/531 480/480/480
f 480/480/480 531/531/531 480/480/480
f 531/531/531 223/223/223 480/480/480
f 480/480/480 223/223/223 223/223/223
f 223/223/223 480/480/480 223/223/223
f 223/223/223 480/480/480 165/165/165
f 480/480/480 480/480/480 165/165/165
f 165/165/165 480/480/480 478/478/478
f 480/480/480 477/477/477 478/478/478
f 478/478/478 477/477/477 478/478/478
f 477/477/477 481/481/481 478/478/478
f 478/478/478 481/481/481 483/483/483
f 481/481/481 471/471/471 483/483/483
f 483/483/483 471/471/471 470/470/470
f 471/471/471 484/484/484 470/470/470
f 470/470/470 484/484/484 392/392/392
f 484/484/484 453/453/453 392/392/392
f 392/392/392 453/453/453 391/391/391
f 453/453/453 407/407/407 391/391/391
f 391/391/391 407/407/407 406/406/406
f 407/407/407 456/456/456 406/406/406
f 406/406/406 456/456/456 407/407/407
f 456/456/456 423/423/423 407/407/407
f 407/407/407 423/423/423 418/418/418
f 423/423/423 378/378/378 418/418/418
f 418/418/418 378/378/378 532/532/532
f 378/378/378 533/533/533 532/532/532
f 532/532/532 533/533/533 533/533/533
f 533/533/533 379/379/379 533/533/533
f 533/533/533 379/379/379 378/378/378
f 379/379/379 532/532/532 378/378/378
f 378/378/378 532/532/532 376/376/376
f 532/532/532 533/533/533 376/376/376
f 376/376/376 533/533/533 519/519/519
f 533/533/533 486/486/486 519/519/519
f 519/519/519 486/486/486 505/505/505
f 486/486/486 503/503/503 505/505/505
f 505/505/505 503/503/503 485/485/485
f 503/503/503 496/496/496 485/485/485
f 485/485/485 496/496/496 358/358/358
f 496/496/496 341/341/341 358/358/358
f 358/358/358 341/341/341 368/368/368
f 341/341/341 355/355/355 368/368/368
f 368/368/368 355/355/355 345/345/345
f 355/355/355 347/347/347 345/345/345
f 345/345/345 347/347/347 471/471/471
f 347/347/347 227/227/227 471/471/471
f 471/471/471 227/227/227 226/226/226
f 227/227/227 226/226/226 226/226/226
f 226/226/226 226/226/226 155/155/155
f 226/226/226 471/471/471 155/155/155
f 155/155/155 471/471/471 364/364/364
f 471/471/471 40/40/40 364/364/364
f 364/364/364 40/40/40 70/70/70
f 40/40/40 422/422/422 70/70/70
f 70/70/70 422/422/422 426/426/426
f 422/422/422 412/412/412 426/426/426
f 426/426/426 412/412/412 367/367/367
f 412/412/412 364/364/364 367/367/367
f 367/367/367 364/364/364 365/365/365
f 364/364/364 479/479/479 365/365/365
f 365/365/365 479/479/479 484/484/484
f 479/479/479 470/470/470 484/484/484
f 484/484/484 470/470/470 534/534/534
f 470/470/470 464/464/464 534/534/534
f 534/534/534 464/464/464 463/463/463
f 464/464/464 463/463/463 463/463/463
f 463/463/463 463/463/463 535/535/535
f 463/463/463 534/534/534 535/535/535
f 535/535/535 534/534/534 429/429/429
f 534/534/534 431/431/431 429/429/429
f 429/429/429 431/431/431 440/440/440
f 431/431/431 391/391/391 440/440/440
f 440/440/440 391/391/391 346/346/346
f 391/391/391 390/390/390 346/346/346
f 346/346/346 390/390/390 392/392/392
f 390/390/390 390/390/390 392/392/392
f 392/392/392 390/390/390 389/389/389
f 390/390/390 450/450/450 389/389/389
f 389/389/389 450/450/450 434/434/434
f 450/450/450 467/467/467 434/434/434
f 434/434/434 467/467/467 216/216/216
f 467/467/467 227/227/227 216/216/216
f 216/216/216 227/227/227 471/471/471
f 227/227/227 371/371/371 471/471/471
f 471/471/471 371/371/371 54/54/54
f 371/371/371 61/61/61 54/54/54
f 54/54/54 61/61/61 352/352/352
f 61/61/61 536/536/536 352/352/352
f 352/352/352 536/536/536 353/353/353
f 536/536/536 537/537/537 353/353/353
f 353/353/353 537/537/537 538/538/538
f 537/537/537 539/539/539 538/538/538
f 538/538/538 539/539/539 539/539/539
f 539/539/539 540/540/540 539/539/539
f 539/539/539 540/540/540 537/537/537
f 540/540/540 540/540/540 537/537/537
f 537/537/537 540/540/540 539/539/539
f 540/540/540 541/541/541 539/539/539
f 539/539/539 541/541/541 541/541/541
f 541/541/541 387/387/387 541/541/541
f 541/541/541 387/387/387 540/540/540
f 387/387/387 382/382/382 540/540/540
f 540/540/540 382/382/382 541/541/541
f 382/382/382 536/536/536 541/541/541
f 541/541/541 536/536/536 536/536/536
f 536/536/536 352/352/352 536/536/536
f 536/536/536 352/352/352 382/382/382
f 352/352/352 387/387/387 382/382/382
f 382/382/382 387/387/387 541/541/541
f 387/387/387 382/382/382 541/541/541
f 541/541/541 382/382/382 532/532/532
f 382/382/382 378/378/378 532/532/532
f 532/532/532 378/378/378 542/542/542
f 378/378/378 542/542/542 542/542/542
f 542/542/542 542/542/542 378/378/378
f 542/542/542 369/369/369 378/378/378
f 378/378/378 369/369/369 369/369/369
f 369/369/369 380/380/380 369/369/369
f 369/369/369 380/380/380 542/542/542
f 380/380/380 338/338/338 542/542/542
f 542/542/542 338/338/338 543/543/543
f 338/338/338 46/46/46 543/543/543
f 543/543/543 46/46/46 240/240/240
f 46/46/46 473/473/473 240/240/240
f 240/240/240 473/473/473 472/472/472
f 473/473/473 472/472/472 472/472/472
f 472/472/472 472/472/472 241/241/241
f 472/472/472 240/240/240 241/241/241
f 241/241/241 240/240/240 340/340/340
f 240/240/240 474/474/474 340/340/340
f 340/340/340 474/474/474 468/468/468
f 474/474/474 468/468/468 468/468/468
f 468/468/468 468/468/468 337/337/337
f 468/468/468 340/340/340 337/337/337
f 337/337/337 340/340/340 544/544/544
f 340/340/340 545/545/545 544/544/544
f 544/544/544 545/545/545 244/244/244
f 545/545/545 244/244/244 244/244/244
f 244/244/244 244/244/244 546/546/546
f 244/244/244 544/544/544 546/546/546
f 546/546/546 544/544/544 547/547/547
f 544/544/544 546/546/546 547/547/547
f 547/547/547 546/546/546 244/244/244
f 546/546/546 244/244/244 244/244/244
f 244/244/244 244/244/244 247/247/247
f 244/244/244 547/547/547 247/247/247
f 247/247/247 547/547/547 248/248/248
f 547/547/547 244/244/244 248/248/248
f 248/248/248 244/244/244 548/548/548
f 244/244/244 549/549/549 548/548/548
f 548/548/548 549/549/549 244/244/244
f 549/549/549 545/545/545 244/244/244
f 244/244/244 545/545/545 548/548/548
f 545/545/545 244/244/244 548/548/548
f 548/548/548 244/244/244 549/549/549
f 244/244/244 338/338/338 549/549/549
f 549/549/549 338/338/338 45/45/45
f 338/338/338 251/251/251 45/45/45
f 45/45/45 251/251/251 251/251/251
f 251/251/251 339/339/339 251/251/251
f 251/251/251 339/339/339 338/338/338
f 339/339/339 469/469/469 338/338/338
f 338/338/338 469/469/469 468/468/468
f 469/469/469 550/550/550 468/468/468
f 468/468/468 550/550/550 550/550/550
f 550/550/550 551/551/551 550/550/550
f 550/550/550 551/551/551 469/469/469
f 551/551/551 337/337/337 469/469/469
f 469/469/469 337/337/337 469/469/469
f 337/337/337 338/338/338 469/469/469
f 469/469/469 338/338/338 469/469/469
f 338/338/338 551/551/551 469/469/469
f 469/469/469 551/551/551 552/552/552
f 551/551/551 46/46/46 552/552/552
f 552/552/552 46/46/46 543/543/543
f 46/46/46 255/255/255 543/543/543
f 543/543/543 255/255/255 543/543/543
f 255/255/255 338/338/338 543/543/543
f 543/543/543 338/338/338 552/552/552
f 338/338/338 474/474/474 552/552/552
f 552/552/552 474/474/474 553/553/553
f 474/474/474 550/550/550 553/553/553
f 553/553/553 550/550/550 550/550/550
f 550/550/550 468/468/468 550/550/550
f 550/550/550 468/468/468 474/474/474
f 468/468/468 474/474/474 474/474/474
f 474/474/474 474/474/474 473/473/473
f 474/474/474 554/554/554 473/473/473
f 473/473/473 554/554/554 554/554/554
f 554/554/554 553/553/553 554/554/554
f 554/554/554 553/553/553 474/474/474
f 553/553/553 554/554/554 474/474/474
f 474/474/474 554/554/554 473/473/473
f 554/554/554 240/240/240 473/473/473
f 473/473/473 240/240/240 240/240/240
f 240/240/240 258/258/258 240/240/240
f 240/240/240 258/258/258 554/554/554
f 258/258/258 338/338/338 554/554/554
f 554/554/554 338/338/338 469/469/469
f 338/338/338 552/552/552 469/469/469
f 469/469/469 552/552/552 339/339/339
f 552/552/552 402/402/402 339/339/339
f 339/339/339 402/402/402 336/336/336
f 402/402/402 402/402/402 336/336/336
f 336/336/336 402/402/402 401/401/401
f 402/402/402 333/333/333 401/401/401
f 401/401/401 333/333/333 333/333/333
f 333/333/333 336/336/336 333/333/333
f 333/333/333 336/336/336 402/402/402
f 336/336/336 334/334/334 402/402/402
f 402/402/402 334/334/334 401/401/401
f 334/334/334 358/358/358 401/401/401
f 401/401/401 358/358/358 339/339/339
f 358/358/358 251/251/251 339/339/339
f 339/339/339 251/251/251 40/40/40
f 251/251/251 40/40/40 40/40/40
f 40/40/40 40/40/40 363/363/363
f 40/40/40 339/339/339 363/363/363
f 363/363/363 339/339/339 339/339/339
f 339/339/339 363/363/363 339/339/339
f 339/339/339 363/363/363 355/355/355
f 363/363/363 355/355/355 355/355/355
f 355/355/355 355/355/355 402/402/402
f 355/355/355 339/339/339 402/402/402
f 402/402/402 339/339/339 555/555/555
f 339/339/339 556/556/556 555/555/555
f 555/555/555 556/556/556 557/557/557
f 556/556/556 557/557/557 557/557/557
f 557/557/557 557/557/557 558/558/558
f 557/557/557 555/555/555 558/558/558
f 558/558/558 555/555/555 559/559/559
f 555/555/555 560/560/560 559/559/559
f 559/559/559 560/560/560 555/555/555
f 560/560/560 555/555/555 555/555/555
f 555/555/555 555/555/555 558/558/558
f 555/555/555 559/559/559 558/558/558
f 558/558/558 559/559/559 559/559/559
f 559/559/559 561/561/561 559/559/559
f 559/559/559 561/561/561 560/560/560
f 561/561/561 562/562/562 560/560/560
f 560/560/560 562/562/562 563/563/563
f 562/562/562 561/561/561 563/563/563
f 563/563/563 561/561/561 561/561/561
f 561/561/561 559/559/559 561/561/561
f 561/561/561 559/559/559 562/562/562
f 559/559/559 564/564/564 562/562/562
f 562/562/562 564/564/564 562/562/562
f 564/564/564 559/559/559 562/562/562
f 562/562/562 559/559/559 559/559/559
f 559/559/559 558/558/558 559/559/559
f 559/559/559 558/558/558 564/564/564
f 558/558/558 557/557/557 564/564/564
f 564/564/564 557/557/557 565/565/565
f 557/557/557 564/564/564 565/565/565
f 565/565/565 564/564/564 564/564/564
f 564/564/564 558/558/558 564/564/564
f 564/564/564 558/558/558 557/557/557
f 558/558/558 566/566/566 557/557/557
f 557/557/557 566/566/566 567/567/567
f 566/566/566 568/568/568 567/567/567
f 567/567/567 568/568/568 568/568/568
f 568/568/568 569/569/569 568/568/568
f 568/568/568 569/569/569 566/566/566
f 569/569/569 560/560/560 566/566/566
f 566/566/566 560/560/560 561/561/561
f 560/560/560 570/570/570 561/561/561
f 561/561/561 570/570/570 571/571/571
f 570/570/570 276/276/276 571/571/571
f 571/571/571 276/276/276 275/275/275
f 276/276/276 275/275/275 275/275/275
f 275/275/275 275/275/275 572/572/572
f 275/275/275 571/571/571 572/572/572
f 572/572/572 571/571/571 573/573/573
f 571/571/571 572/572/572 573/573/573
f 573/573/573 572/572/572 275/275/275
f 572/572/572 275/275/275 275/275/275
f 275/275/275 275/275/275 278/278/278
f 275/275/275 573/573/573 278/278/278
f 278/278/278 573/573/573 569/569/569
f 573/573/573 568/568/568 569/569/569
f 569/569/569 568/568/568 574/574/574
f 568/568/568 574/574/574 574/574/574
f 574/574/574 574/574/574 570/570/570
f 574/574/574 569/569/569 570/570/570
f 570/570/570 569/569/569 575/575/575
f 569/569/569 282/282/282 575/575/575
f 575/575/575 282/282/282 281/281/281
f 282/282/282 281/281/281 281/281/281
f 281/281/281 281/281/281 576/576/576
f 281/281/281 575/575/575 576/576/576
f 576/576/576 575/575/575 576/576/576
f 575/575/575 577/577/577 576/576/576
f 576/576/576 577/577/577 578/578/578
f 577/577/577 578/578/578 578/578/578
f 578/578/578 578/578/578 575/575/575
f 578/578/578 576/576/576 575/575/575
f 575/575/575 576/576/576 575/575/575
f 576/576/576 579/579/579 575/575/575
f 575/575/575 579/579/579 285/285/285
f 579/579/579 285/285/285 285/285/285
f 285/285/285 285/285/285 282/282/282
f 285/285/285 575/575/575 282/282/282
f 282/282/282 575/575/575 578/578/578
f 575/575/575 580/580/580 578/578/578
f 578/578/578 580/580/580 579/579/579
f 580/580/580 579/579/579 579/579/579
f 579/579/579 579/579/579 575/575/575
f 579/579/579 578/578/578 575/575/575
f 575/575/575 578/578/578 288/288/288
f 578/578/578 581/581/581 288/288/288
f 288/288/288 581/581/581 289/289/289
f 581/581/581 580/580/580 289/289/289
f 289/289/289 580/580/580 582/582/582
f 580/580/580 581/581/581 582/582/582
f 582/582/582 581/581/581 581/581/581
f 581/581/581 579/579/579 581/581/581
f 581/581/581 579/579/579 580/580/580
f 579/579/579 581/581/581 580/580/580
f 580/580/580 581/581/581 288/288/288
f 581/581/581 285/285/285 288/288/288
f 288/288/288 285/285/285 285/285/285
f 285/285/285 579/579/579 285/285/285
f 285/285/285 579/579/579 581/581/581
f 579/579/579 504/504/504 581/581/581
f 581/581/581 504/504/504 583/583/583
f 504/504/504 495/495/495 583/583/583
f 583/583/583 495/495/495 495/495/495
f 495/495/495 524/524/524 495/495/495
f 495/495/495 524/524/524 504/504/504
f 524/524/524 495/495/495 504/504/504
f 504/504/504 495/495/495 512/512/512
f 495/495/495 525/525/525 512/512/512
f 512/512/512 525/525/525 525/525/525
f 525/525/525 524/524/524 525/525/525
f 525/525/525 524/524/524 495/495/495
f 524/524/524 512/512/512 495/495/495
f 495/495/495 512/512/512 520/520/520
f 512/512/512 525/525/525 520/520/520
f 520/520/520 525/525/525 504/504/504
f 525/525/525 500/500/500 504/504/504
f 504/504/504 500/500/500 583/583/583
f 500/500/500 492/492/492 583/583/583
f 583/583/583 492/492/492 500/500/500
f 492/492/492 498/498/498 500/500/500
f 500/500/500 498/498/498 498/498/498
f 498/498/498 489/489/489 498/498/498
f 498/498/498 489/489/489 492/492/492
f 489/489/489 498/498/498 492/492/492
f 492/492/492 498/498/498 497/497/497
f 498/498/498 494/494/494 497/497/497
f 497/497/497 494/494/494 494/494/494
f 494/494/494 489/489/489 494/494/494
f 494/494/494 489/489/489 498/498/498
f 489/489/489 495/495/495 498/498/498
f 498/498/498 495/495/495 583/583/583
f 495/495/495 496/496/496 583/583/583
f 583/583/583 496/496/496 583/583/583
f 496/496/496 500/500/500 583/583/583
f 583/583/583 500/500/500 492/492/492
f 500/500/500 492/492/492 492/492/492
f 492/492/492 492/492/492 496/496/496
f 492/492/492 583/583/583 496/496/496
f 496/496/496 583/583/583 565/565/565
f 583/583/583 557/557/557 565/565/565
f 565/565/565 557/557/557 572/572/572
f 557/557/557 572/572/572 572/572/572
f 572/572/572 572/572/572 573/573/573
f 572/572/572 565/565/565 573/573/573
f 573/573/573 565/565/565 572/572/572
f 565/565/565 557/557/557 572/572/572
f 572/572/572 557/557/557 556/556/556
f 557/557/557 556/556/556 556/556/556
f 556/556/556 556/556/556 571/571/571
f 556/556/556 572/572/572 571/571/571
f 571/571/571 572/572/572 278/278/278
f 572/572/572 294/294/294 278/278/278
f 278/278/278 294/294/294 584/584/584
f 294/294/294 584/584/584 584/584/584
f 584/584/584 584/584/584 573/573/573
f 584/584/584 278/278/278 573/573/573
f 573/573/573 278/278/278 573/573/573
f 278/278/278 584/584/584 573/573/573
f 573/573/573 584/584/584 565/565/565
f 584/584/584 422/422/422 565/565/565
f 565/565/565 422/422/422 421/421/421
f 422/422/422 585/585/585 421/421/421
f 421/421/421 585/585/585 585/585/585
f 585/585/585 444/444/444 585/585/585
f 585/585/585 444/444/444 422/422/422
f 444/444/444 585/585/585 422/422/422
f 422/422/422 585/585/585 421/421/421
f 585/585/585 428/428/428 421/421/421
f 421/421/421 428/428/428 428/428/428
f 428/428/428 586/586/586 428/428/428
f 428/428/428 586/586/586 585/585/585
f 586/586/586 586/586/586 585/585/585
f 585/585/585 586/586/586 428/428/428
f 586/586/586 420/420/420 428/428/428
f 428/428/428 420/420/420 420/420/420
f 420/420/420 587/587/587 420/420/420
f 420/420/420 587/587/587 586/586/586
f 587/587/587 420/420/420 586/586/586
f 586/586/586 420/420/420 419/419/419
f 420/420/420 535/535/535 419/419/419
f 419/419/419 535/535/535 535/535/535
f 535/535/535 587/587/587 535/535/535
f 535/535/535 587/587/587 420/420/420
f 587/587/587 394/394/394 420/420/420
f 420/420/420 394/394/394 343/343/343
f 394/394/394 342/342/342 343/343/343
f 343/343/343 342/342/342 453/453/453
f 342/342/342 396/396/396 453/453/453
f 453/453/453 396/396/396 391/391/391
f 396/396/396 404/404/404 391/391/391
f 391/391/391 404/404/404 403/403/403
f 404/404/404 416/416/416 403/403/403
f 403/403/403 416/416/416 416/416/416
f 416/416/416 414/414/414 416/416/416
f 416/416/416 414/414/414 404/404/404
f 414/414/414 403/403/403 404/404/404
f 404/404/404 403/403/403 406/406/406
f 403/403/403 408/408/408 406/406/406
f 406/406/406 408/408/408 408/408/408
f 408/408/408 416/416/416 408/408/408
f 408/408/408 416/416/416 403/403/403
f 416/416/416 365/365/365 403/403/403
f 403/403/403 365/365/365 588/588/588
f 365/365/365 367/367/367 588/588/588
f 588/588/588 367/367/367 588/588/588
f 367/367/367 390/390/390 588/588/588
f 588/588/588 390/390/390 367/367/367
f 390/390/390 588/588/588 367/367/367
f 367/367/367 588/588/588 388/388/388
f 588/588/588 390/390/390 388/388/388
f 388/388/388 390/390/390 365/365/365
f 390/390/390 43/43/43 365/365/365
f 365/365/365 43/43/43 588/588/588
f 43/43/43 588/588/588 588/588/588
f 588/588/588 588/588/588 43/43/43
f 588/588/588 299/299/299 43/43/43
f 43/43/43 299/299/299 589/589/589
f 299/299/299 590/590/590 589/589/589
f 589/589/589 590/590/590 591/591/591
f 590/590/590 592/592/592 591/591/591
f 591/591/591 592/592/592 591/591/591
f 592/592/592 593/593/593 591/591/591
f 591/591/591 593/593/593 589/589/589
f 593/593/593 591/591/591 589/589/589
f 589/589/589 591/591/591 594/594/594
f 591/591/591 595/595/595 594/594/594
f 594/594/594 595/595/595 596/596/596
f 595/595/595 597/597/597 596/596/596
f 596/596/596 597/597/597 597/597/597
f 597/597/597 598/598/598 597/597/597
f 597/597/597 598/598/598 595/595/595
f 598/598/598 599/599/599 595/595/595
f 595/595/595 599/599/599 600/600/600
f 599/599/599 601/601/601 600/600/600
f 600/600/600 601/601/601 601/601/601
f 601/601/601 602/602/602 601/601/601
f 601/601/601 602/602/602 599/599/599
f 602/602/602 603/603/603 599/599/599
f 599/599/599 603/603/603 595/595/595
f 603/603/603 598/598/598 595/595/595
f 595/595/595 598/598/598 598/598/598
f 598/598/598 604/604/604 598/598/598
f 598/598/598 604/604/604 603/603/603
f 604/604/604 605/605/605 603/603/603
f 603/603/603 605/605/605 599/599/599
f 605/605/605 602/602/602 599/599/599
f 599/599/599 602/602/602 602/602/602
f 602/602/602 606/606/606 602/602/602
f 602/602/602 606/606/606 605/605/605
f 606/606/606 596/596/596 605/605/605
f 605/605/605 596/596/596 607/607/607
f 596/596/596 608/608/608 607/607/607
f 607/607/607 608/608/608 608/608/608
f 608/608/608 597/597/597 608/608/608
f 608/608/608 597/597/597 596/596/596
f 597/597/597 607/607/607 596/596/596
f 596/596/596 607/607/607 605/605/605
f 607/607/607 606/606/606 605/605/605
f 605/605/605 606/606/606 606/606/606
f 606/606/606 608/608/608 606/606/606
f 606/606/606 608/608/608 607/607/607
f 608/608/608 472/472/472 607/607/607
f 607/607/607 472/472/472 340/340/340
f 472/472/472 333/333/333 340/340/340
f 340/340/340 333/333/333 333/333/333
f 333/333/333 335/335/335 333/333/333
f 333/333/333 335/335/335 472/472/472
f 335/335/335 335/335/335 472/472/472
f 472/472/472 335/335/335 44/44/44
f 335/335/335 241/241/241 44/44/44
f 44/44/44 241/241/241 241/241/241
f 241/241/241 472/472/472 241/241/241
f 241/241/241 472/472/472 335/335/335
f 472/472/472 352/352/352 335/335/335
f 335/335/335 352/352/352 354/354/354
f 352/352/352 381/381/381 354/354/354
f 354/354/354 381/381/381 385/385/385
f 381/381/381 609/609/609 385/385/385
f 385/385/385 609/609/609 386/386/386
f 609/609/609 351/351/351 386/386/386
f 386/386/386 351/351/351 350/350/350
f 351/351/351 385/385/385 350/350/350
f 350/350/350 385/385/385 343/343/343
f 385/385/385 610/610/610 343/343/343
f 343/343/343 610/610/610 611/611/611
f 610/610/610 611/611/611 611/611/611
f 611/611/611 611/611/611 348/348/348
f 611/611/611 343/343/343 348/348/348
f 348/348/348 343/343/343 348/348/348
f 343/343/343 611/611/611 348/348/348
f 348/348/348 611/611/611 612/612/612
f 611/611/611 612/612/612 612/612/612
f 612/612/612 612/612/612 359/359/359
f 612/612/612 348/348/348 359/359/359
f 359/359/359 348/348/348 471/471/471
f 348/348/348 525/525/525 471/471/471
f 471/471/471 525/525/525 526/526/526
f 525/525/525 526/526/526 526/526/526
f 526/526/526 526/526/526 529/529/529
f 526/526/526 471/471/471 529/529/529
f 529/529/529 471/471/471 528/528/528
f 471/471/471 527/527/527 528/528/528
f 528/528/528 527/527/527 531/531/531
f 527/527/527 531/531/531 531/531/531
f 531/531/531 531/531/531 530/530/530
f 531/531/531 528/528/528 530/530/530
f 530/530/530 528/528/528 499/499/499
f 528/528/528 481/481/481 499/499/499
f 499/499/499 481/481/481 531/531/531
f 481/481/481 531/531/531 531/531/531
f 531/531/531 531/531/531 527/527/527
f 531/531/531 499/499/499 527/527/527
f 527/527/527 499/499/499 422/422/422
f 499/499/499 444/444/444 422/422/422
f 422/422/422 444/444/444 443/443/443
f 444/444/444 443/443/443 443/443/443
f 443/443/443 443/443/443 425/425/425
f 443/443/443 422/422/422 425/425/425
f 425/425/425 422/422/422 425/425/425
f 422/422/422 443/443/443 425/425/425
f 425/425/425 443/443/443 462/462/462
f 443/443/443 462/462/462 462/462/462
f 462/462/462 462/462/462 461/461/461
f 462/462/462 425/425/425 461/461/461
f 461/461/461 425/425/425 424/424/424
f 425/425/425 534/534/534 424/424/424
f 424/424/424 534/534/534 535/535/535
f 534/534/534 535/535/535 535/535/535
f 535/535/535 535/535/535 419/419/419
f 535/535/535 424/424/424 419/419/419
f 419/419/419 424/424/424 437/437/437
f 424/424/424 444/444/444 437/437/437
f 437/437/437 444/444/444 585/585/585
f 444/444/444 585/585/585 585/585/585
f 585/585/585 585/585/585 438/438/438
f 585/585/585 437/437/437 438/438/438
f 438/438/438 437/437/437 438/438/438
f 437/437/437 585/585/585 438/438/438
f 438/438/438 585/585/585 586/586/586
f 585/585/585 586/586/586 586/586/586
f 586/586/586 586/586/586 442/442/442
f 586/586/586 438/438/438 442/442/442
f 442/442/442 438/438/438 442/442/442
f 438/438/438 586/586/586 442/442/442
f 442/442/442 586/586/586 587/587/587
f 586/586/586 587/587/587 587/587/587
f 587/587/587 587/587/587 440/440/440
f 587/587/587 442/442/442 440/440/440
f 440/440/440 442/442/442 440/440/440
f 442/442/442 587/587/587 440/440/440
f 440/440/440 587/587/587 535/535/535
f 587/587/587 535/535/535 535/535/535
f 535/535/535 535/535/535 463/463/463
f 535/535/535 440/440/440 463/463/463
f 463/463/463 440/440/440 349/349/349
f 440/440/440 613/613/613 349/349/349
f 349/349/349 613/613/613 614/614/614
f 613/613/613 614/614/614 614/614/614
f 614/614/614 614/614/614 350/350/350
f 614/614/614 349/349/349 350/350/350
f 350/350/350 349/349/349 407/407/407
f 349/349/349 410/410/410 407/407/407
f 407/407/407 410/410/410 423/423/423
f 410/410/410 458/458/458 423/423/423
f 423/423/423 458/458/458 427/427/427
f 458/458/458 460/460/460 427/427/427
f 427/427/427 460/460/460 615/615/615
f 460/460/460 601/601/601 615/615/615
f 615/615/615 601/601/601 600/600/600
f 601/601/601 600/600/600 600/600/600
f 600/600/600 600/600/600 616/616/616
f 600/600/600 615/615/615 616/616/616
f 616/616/616 615/615/615 617/617/617
f 615/615/615 591/591/591 617/617/617
f 617/617/617 591/591/591 618/618/618
f 591/591/591 591/591/591 618/618/618
f 618/618/618 591/591/591 590/590/590
f 591/591/591 619/619/619 590/590/590
f 590/590/590 619/619/619 593/593/593
f 619/619/619 591/591/591 593/593/593
f 593/593/593 591/591/591 619/619/619
f 591/591/591 594/594/594 619/619/619
f 619/619/619 594/594/594 591/591/591
f 594/594/594 617/617/617 591/591/591
f 591/591/591 617/617/617 618/618/618
f 617/617/617 591/591/591 618/618/618
f 618/618/618 591/591/591 592/592/592
f 591/591/591 538/538/538 592/592/592
f 592/592/592 538/538/538 537/537/537
f 538/538/538 332/332/332 537/537/537
f 537/537/537 332/332/332 332/332/332
f 332/332/332 331/331/331 332/332/332
f 332/332/332 331/331/331 538/538/538
f 331/331/331 376/376/376 538/538/538
f 538/538/538 376/376/376 375/375/375
f 376/376/376 533/533/533 375/375/375
f 375/375/375 533/533/533 533/533/533
f 533/533/533 375/375/375 533/533/533
f 533/533/533 375/375/375 377/377/377
f 375/375/375 377/377/377 377/377/377
f 377/377/377 377/377/377 379/379/379
f 377/377/377 533/533/533 379/379/379
f 379/379/379 533/533/533 379/379/379
f 533/533/533 377/377/377 379/379/379
f 379/379/379 377/377/377 369/369/369
f 377/377/377 57/57/57 369/369/369
f 369/369/369 57/57/57 236/236/236
f 57/57/57 225/225/225 236/236/236
f 236/236/236 225/225/225 225/225/225
f 225/225/225 236/236/236 225/225/225
f 225/225/225 236/236/236 238/238/238
f 236/236/236 238/238/238 238/238/238
f 238/238/238 238/238/238 60/60/60
f 238/238/238 225/225/225 60/60/60
f 60/60/60 225/225/225 60/60/60
f 225/225/225 238/238/238 60/60/60
f 60/60/60 238/238/238 50/50/50
f 238/238/238 620/620/620 50/50/50
f 50/50/50 620/620/620 621/621/621
f 620/620/620 270/270/270 621/621/621
f 621/621/621 270/270/270 270/270/270
f 270/270/270 272/272/272 270/270/270
f 270/270/270 272/272/272 620/620/620
f 272/272/272 621/621/621 620/620/620
f 620/620/620 621/621/621 622/622/622
f 621/621/621 271/271/271 622/622/622
f 622/622/622 271/271/271 271/271/271
f 271/271/271 270/270/270 271/271/271
f 271/271/271 270/270/270 621/621/621
f 270/270/270 570/570/570 621/621/621
f 621/621/621 570/570/570 561/561/561
f 570/570/570 569/569/569 561/561/561
f 561/561/561 569/569/569 569/569/569
f 569/569/569 561/561/561 569/569/569
f 569/569/569 561/561/561 563/563/563
f 561/561/561 563/563/563 563/563/563
f 563/563/563 563/563/563 566/566/566
f 563/563/563 569/569/569 566/566/566
