# a_wt_m_clo_00 vc=413 icnt=1980
mtllib a_wt_m_clo_00.mtl
usemtl a_wt_m_clo_00
v -0.259617 -3.162446 4.750854
v -1.328393 -2.771710 4.539585
v -1.237514 -3.663130 2.154768
v 0.182854 -3.945157 2.210212
v -0.618776 0.521111 4.626439
v -0.085270 3.378905 3.104459
v -0.967232 3.196110 3.050398
v -1.407093 0.457139 4.562208
v -0.022628 -4.869963 5.205478
v 3.109077 -5.184176 2.228884
v 3.067720 -4.713023 2.087675
v 2.933406 -4.505416 4.315818
v 3.145736 2.960445 4.708156
v 2.568875 -2.547261 -2.116903
v 1.034497 3.002991 4.848647
v 3.034360 -4.268143 0.011061
v 5.476367 -3.189158 0.007997
v 5.498331 -3.390597 2.133940
v 5.122097 -3.034574 4.067177
v 6.552622 -1.760398 2.041784
v 6.431626 -0.733998 3.137097
v 5.572280 -0.488990 4.663282
v 0.614671 0.818769 5.175335
v 0.973317 -3.411461 5.617882
v 3.464675 3.084528 -2.105596
v -1.803916 0.047355 5.818197
v 6.829978 -2.191913 0.003254
v -0.007497 -2.603289 -0.000010
v 0.048087 -2.250560 1.399037
v 3.354900 -4.517687 -0.000018
v 0.132958 -3.663876 -0.000015
v 2.817442 3.915143 3.482014
v 2.724654 4.191473 1.453797
v 2.304460 3.898159 3.312352
v 2.571912 2.720959 4.454254
v 1.307632 3.064909 4.011828
v -0.068204 4.118665 0.000017
v 2.418552 2.981936 0.839778
v 2.448134 2.669527 -0.006511
v 1.406877 3.210352 -0.007975
v 1.348346 3.495856 0.983127
v -1.287522 -3.551295 -0.000015
v -0.588818 3.781578 1.870175
v 3.923917 2.160060 2.595728
v 3.365889 2.058485 3.045235
v 4.306171 1.434529 3.913456
v 4.669127 1.105869 3.372773
v 1.174989 3.415884 3.164490
v 1.714378 -4.565822 4.422352
v 4.043252 1.877101 1.463361
v 3.164653 2.792631 0.494659
v 3.033153 2.333796 -0.005609
v 5.764093 0.506710 2.477538
v 6.431626 -0.733998 3.137097
v -0.067229 -1.425823 2.131225
v 5.099200 0.901532 1.995823
v 0.036142 1.000792 1.441929
v -0.252559 1.792603 0.878664
v -0.694058 2.154403 0.000010
v 5.572280 -0.488990 4.663282
v -0.067229 -1.425823 2.131225
v 2.892708 4.147650 0.000017
v 2.915058 2.204314 4.275712
v -0.403372 -2.225350 -0.393047
v -1.407616 -1.295523 0.209190
v -0.856317 3.161738 0.165712
v 1.761051 3.921155 -1.081549
v 1.017085 -2.930620 -1.201775
v -1.693142 0.705672 0.751818
v -1.693142 0.705672 0.751818
v 0.388491 -1.757758 0.999842
v 1.329751 -1.816667 0.994482
v 1.518253 0.074606 1.749959
v 0.120826 0.443649 1.679806
v 2.055782 2.584818 1.005064
v 0.996438 2.961294 0.852340
v 2.836244 3.351861 -0.901002
v 4.044824 2.663339 -1.916181
v 3.464675 3.084528 -2.105596
v 2.819974 -1.410640 0.486643
v 1.661463 -2.676157 -0.125900
v 3.406132 -2.134908 -0.666090
v 2.618000 0.129970 1.277932
v 2.878562 2.010489 0.813623
v 3.428982 2.822040 -0.370511
v 6.286893 2.860050 -0.230306
v 5.689888 1.532381 1.324436
v 5.424032 -1.799825 0.846324
v 5.937228 -2.412179 -0.754419
v 6.302807 -0.651361 -2.568435
v -1.607600 0.517167 6.152888
v -1.803916 0.047355 5.818197
v 5.148763 0.091095 1.618283
v 0.409343 1.829810 -0.723068
v 1.059897 1.497358 0.945281
v 1.036342 2.132482 -0.682554
v 8.747095 0.600498 -1.961933
v 1.240126 0.790388 -1.998075
v 1.361406 -1.127165 -1.852882
v 0.241433 -1.214856 -1.656644
v 1.199191 -2.124289 -0.626422
v -0.046949 -2.006723 -0.473407
v 1.016350 -2.178953 1.179633
v -0.531648 -1.628650 0.809713
v 8.139031 0.851060 0.813220
v -0.754959 -0.326917 1.425482
v 0.038171 -0.240209 1.760475
v 1.734327 -0.251681 1.818924
v 2.751657 0.652488 -1.852572
v 4.880155 1.133725 0.772332
v 4.706410 -0.107631 1.056744
v 4.944893 1.466882 -0.367837
v 4.811453 -1.493592 0.633935
v 4.956524 -0.529836 -1.276478
v 2.751657 0.652488 -1.852572
v 4.975871 0.963215 -1.134185
v 4.956524 -0.529836 -1.276478
v -0.403372 -2.225350 -0.393047
v 1.017085 -2.930620 -1.201775
v -1.407616 -1.295523 0.209190
v -1.693142 0.705672 0.751818
v -0.856317 3.161738 0.165712
v 1.761051 3.921155 -1.081549
v 2.568875 -2.547261 -2.116903
v -1.803916 0.047355 5.818197
v 6.302807 -0.651361 -2.568435
v 6.482502 2.429483 -2.143196
v 8.747095 0.600498 -1.961933
v 8.455392 1.809842 -0.816011
v 1.240126 0.790388 -1.998075
v 4.712944 -1.487052 -0.895841
v 1.667545 3.628541 3.173606
v 2.184603 0.898714 5.312516
v 4.179654 1.090524 4.722428
v 3.891874 3.498128 2.918800
v 3.780355 4.421307 -0.000003
v 1.171011 4.458502 -0.000012
v 2.774545 3.279990 2.108013
v 2.744277 -3.420790 2.123552
v 2.652979 -3.607819 0.000016
v 4.522942 -2.687983 0.000010
v 4.527240 -2.633580 2.101591
v 2.519460 -1.873205 4.693575
v 4.439806 -1.525436 4.554966
v 0.858838 -2.484634 5.031003
v 0.862389 -4.118322 2.399863
v 0.581890 -4.158921 0.000014
v -1.185728 -4.237004 2.404852
v 2.680542 -3.424713 0.559284
v 1.267069 0.176379 -3.051270
v 2.339666 -2.760109 -1.710430
v 2.511075 3.728210 -0.980026
v -0.848335 3.029304 -1.144092
v 10.360539 3.246416 -0.964932
v 10.619605 2.780026 2.166486
v -0.847914 2.596146 1.968671
v -1.099583 -4.770997 0.330934
v -1.094527 -3.880293 -2.052252
v 1.339959 -3.763277 -2.271634
v 1.422502 -4.594167 0.558297
v 1.178956 -1.906784 3.907526
v 10.820335 -1.555454 3.724213
v -2.676675 -1.057488 -3.381475
v 6.450069 -0.441475 -3.068750
v 6.766632 3.264497 -1.030497
v 7.492321 -0.990872 3.483108
v 6.747884 -3.824374 0.471122
v 9.091337 -3.968866 0.462690
v -2.418194 -1.787937 3.634665
v 6.378231 -3.060434 -1.893171
v 9.279648 -3.160897 -2.007426
v 1.404312 2.386587 -1.187041
v 1.153761 -0.637308 -3.668136
v 10.972264 -0.652041 -3.376593
v 1.282765 2.010054 2.019422
v 3.768299 -0.252495 -2.156469
v 3.110924 -0.268575 -3.110095
v 2.748091 2.459644 -0.829384
v 3.229330 1.918330 -0.691452
v 3.458377 -3.933906 0.020657
v 3.525881 -1.540808 3.024824
v 2.856178 2.101270 1.893107
v 3.229395 1.754810 1.370517
v 3.507003 -3.150578 -2.019300
v 7.132401 2.916756 2.076067
v 5.947474 1.811144 -0.474825
v 6.401484 0.249917 -1.877061
v 6.576379 -1.779057 -1.604811
v 3.772739 -2.686180 -1.676735
v 6.496695 -2.743694 0.049312
v 6.605359 -0.958514 2.066507
v 4.000329 -1.323103 2.479381
v 3.677452 -3.332069 -0.013028
v 10.820335 -1.555454 3.724213
v 1.178956 -1.906784 3.907526
v 7.492321 -0.990872 3.483108
v -2.418194 -1.787937 3.634665
v 3.525881 -1.540808 3.024824
v 4.000329 -1.323103 2.479381
v 5.926695 1.784162 1.282629
v 6.605359 -0.958514 2.066507
v -3.095839 -0.163154 0.164515
v 2.675396 -2.483292 2.755485
v -3.095839 -0.163154 0.164515
v -2.696775 1.628164 -0.000009
v -3.048407 0.841487 -0.000007
v -3.048407 0.841487 -0.000007
v -3.023888 1.044124 -0.000007
v -2.984695 -0.163154 -0.000004
v -2.502083 -3.524493 0.000007
v 0.138070 -0.306482 2.000422
v -1.686121 3.157609 -0.000012
v -2.355972 2.087168 -0.000010
v -0.401905 4.165661 0.000018
v -0.588818 3.781578 1.870175
v -1.407093 0.457139 4.562208
v -0.967232 3.196110 3.050398
v -1.328393 -2.771710 4.539585
v -1.237514 -3.663130 2.154768
v -1.287522 -3.551295 -0.000015
v -0.401905 4.165661 0.000018
v -0.259616 -3.162407 -4.750881
v 0.182855 -3.945139 -2.210245
v -1.237517 -3.663112 -2.154799
v -1.328400 -2.771672 -4.539607
v -0.618775 0.521149 -4.626434
v -1.407095 0.457177 -4.562204
v -0.967231 3.196136 -3.050370
v -0.085273 3.378932 -3.104430
v 3.057955 -4.884893 -5.195530
v 2.981413 -4.516970 -4.274402
v 3.068094 -4.723505 -2.063274
v 3.109078 -5.184158 -2.228927
v 3.145733 2.960483 -4.708130
v 1.130097 3.011286 -4.814200
v -0.566575 1.764653 -5.651044
v 5.498687 -3.400629 -2.116966
v 5.124496 -3.044823 -4.051095
v 5.573324 -0.500759 -4.659098
v 6.431647 -0.745696 -3.133402
v 6.553215 -1.764973 -2.035990
v 0.614672 0.818813 -5.175329
v -1.809167 -0.026831 -5.849315
v -0.294486 -3.923981 -6.174722
v 0.973319 -3.411414 -5.617910
v 0.048087 -2.250548 -1.399054
v 2.817443 3.915171 -3.481981
v 2.304460 3.898188 -3.312318
v 2.724658 4.191485 -1.453760
v 1.307629 3.064944 -4.011800
v 2.571913 2.720998 -4.454229
v 2.418703 2.977659 -0.854373
v 1.348524 3.490847 -1.000515
v -0.588818 3.781593 -1.870142
v 3.922809 2.153497 -2.606039
v 3.364807 2.050789 -3.055402
v 4.668887 1.097351 -3.377255
v 4.305745 1.424645 -3.919715
v 1.175563 3.399862 -3.181478
v 1.714379 -4.565785 -4.422390
v 3.164743 2.790099 -0.508162
v 4.043518 1.869689 -1.472066
v 5.764538 0.494196 -2.478986
v -0.067229 -1.425806 -2.131235
v 6.431647 -0.745696 -3.133402
v 5.099562 0.891444 -1.999396
v 0.036139 1.000804 -1.441919
v -0.252562 1.792611 -0.878646
v 5.573324 -0.500759 -4.659098
v -0.067229 -1.425806 -2.131235
v 2.914913 2.188105 -4.286469
v 4.289835 -2.203469 0.381143
v -1.422587 -1.276218 -0.218914
v 4.284780 2.910195 -1.426108
v 1.850581 -4.343399 -6.399796
v 4.567250 -2.567117 2.101907
v 4.309706 0.324915 -1.892974
v 4.309706 0.324915 -1.892974
v 0.388488 -1.757735 -0.999844
v 0.120828 0.443674 -1.679802
v 1.518255 0.074571 -1.749959
v 1.329745 -1.816643 -0.994487
v 2.055790 2.584843 -1.005056
v 0.985351 2.964811 -0.853309
v 0.960765 -4.000205 -7.004811
v -0.294486 -3.923981 -6.174722
v 4.044824 2.663358 1.916189
v 2.819971 -1.410616 -0.486646
v 3.406124 -2.134885 0.666087
v 1.709523 -2.644340 0.114353
v 2.618002 0.129998 -1.277928
v 2.878570 2.010514 -0.813615
v 3.428990 2.822063 0.370522
v 6.286904 2.860077 0.230318
v 5.689893 1.532412 -1.324429
v 5.424032 -1.799797 -0.846324
v 5.937222 -2.412153 0.754414
v 6.302801 -0.651342 2.568436
v 3.838792 -1.541040 2.186994
v -1.809167 -0.026831 -5.849315
v 5.148766 0.091135 -1.618281
v 0.496033 1.805939 0.723078
v 1.035431 2.132509 0.682571
v 1.056659 1.497393 -0.945263
v 0.042562 0.607610 1.961942
v 0.243544 -1.214831 1.656641
v 1.365919 -1.127140 1.852875
v 1.242972 0.790412 1.998082
v 1.202472 -2.124258 0.626412
v -0.045511 -2.006694 0.473401
v -0.531558 -1.628617 -0.809715
v 1.016391 -2.178915 -1.179638
v -0.590012 0.796460 -0.813210
v 0.035191 -0.240172 -1.760470
v -0.756082 -0.326883 -1.425479
v 1.731257 -0.251640 -1.818916
v 2.754375 0.652514 1.852576
v 4.877593 1.133764 -0.772323
v 4.704587 -0.107589 -1.056738
v 4.944077 1.466916 0.367847
v 4.811795 -1.493552 -0.633942
v 4.959380 -0.529804 1.276474
v 2.754375 0.652514 1.852576
v 4.959380 -0.529804 1.276474
v 4.976964 0.963247 1.134193
v 4.567250 -2.567117 2.101907
v 4.289835 -2.203469 0.381143
v -1.422587 -1.276218 -0.218914
v 4.309706 0.324915 -1.892974
v 4.284780 2.910195 -1.426108
v 1.850581 -4.343399 -6.399796
v -0.566575 1.764653 -5.651044
v -1.809167 -0.026831 -5.849315
v 6.302801 -0.651342 2.568436
v 6.482502 2.429506 2.143205
v 0.042562 0.607610 1.961942
v -0.369592 1.781930 0.816026
v 1.242972 0.790412 1.998082
v 4.716071 -1.487018 0.895833
v 1.667554 3.628521 -3.173624
v 3.891880 3.498119 -2.918801
v 4.179667 1.090510 -4.722421
v 2.184620 0.898681 -5.312516
v 2.774529 3.279984 -2.108005
v 2.744283 -3.420804 -2.123521
v 4.527246 -2.633587 -2.101572
v 4.439816 -1.525450 -4.554951
v 2.519475 -1.873235 -4.693556
v 0.862396 -4.118338 -2.399834
v 0.858852 -2.484666 -5.030984
v -1.185729 -4.237019 -2.404832
v 2.680554 -3.424720 -0.559292
v 1.267075 0.176366 3.051268
v 2.339681 -2.760123 1.710421
v 2.511059 3.728196 0.980034
v -0.848116 3.029347 1.144100
v -0.847726 2.596200 -1.968664
v 10.619469 2.779944 -2.166480
v 10.360384 3.246312 0.964939
v -1.099574 -4.771006 -0.330951
v 1.422339 -4.594227 -0.558317
v 1.340210 -3.763208 2.271616
v -1.094519 -3.880310 2.052238
v 1.178745 -1.906913 -3.907536
v -1.164305 -1.782342 -3.724219
v 6.766621 3.264482 1.030504
v 6.450075 -0.441495 3.068746
v -2.676667 -1.057508 3.381470
v 7.492316 -0.990875 -3.483112
v -2.418195 -1.787938 -3.634670
v 9.091519 -3.969012 -0.462703
v 6.747940 -3.824447 -0.471134
v 9.279797 -3.161042 2.007414
v 6.378278 -3.060518 1.893161
v 1.404317 2.386569 1.187047
v 1.153761 -0.637334 3.668130
v -1.170062 -0.866280 3.376587
v 1.282770 2.010048 -2.019418
v 3.768300 -0.252517 2.156462
v 3.229335 1.918314 0.691454
v 2.748098 2.459628 0.829388
v 3.110926 -0.268596 3.110089
v 3.525880 -1.540811 -3.024835
v 3.458373 -3.933918 -0.020677
v 3.229398 1.754802 -1.370515
v 2.856182 2.101263 -1.893104
v 3.506999 -3.150598 2.019284
v 7.132381 2.916750 -2.076060
v 6.401485 0.249895 1.877055
v 5.947478 1.811129 0.474824
v 6.576377 -1.779077 1.604797
v 3.772737 -2.686199 1.676720
v 6.496693 -2.743707 -0.049330
v 3.677449 -3.332083 0.013011
v 4.000329 -1.323108 -2.479391
v 6.605357 -0.958521 -2.066518
v -1.164305 -1.782342 -3.724219
v 1.178745 -1.906913 -3.907536
v 7.492316 -0.990875 -3.483112
v -2.418195 -1.787938 -3.634670
v 4.000329 -1.323108 -2.479391
v 3.525880 -1.540811 -3.024835
v 5.926700 1.784153 -1.282629
v 6.605357 -0.958521 -2.066518
v -3.095838 -0.163155 -0.164523
v 2.675395 -2.483294 -2.755492
v -3.095838 -0.163155 -0.164523
v 0.138070 -0.306467 -2.000422
v -0.588818 3.781593 -1.870142
v -0.967231 3.196136 -3.050370
v -1.407095 0.457177 -4.562204
v -1.328400 -2.771672 -4.539607
v -1.237517 -3.663112 -2.154799
vn -0.4484 -0.5952 0.6668
vn -0.2625 -0.5445 0.7966
vn -0.1988 -0.9730 0.1177
vn -0.3073 -0.9515 0.0175
vn -0.2750 0.2498 0.9284
vn -0.2208 0.8026 0.5542
vn -0.2020 0.7418 0.6395
vn -0.0316 0.2684 0.9628
vn -0.0974 -0.9229 0.3725
vn -0.2106 -0.9727 -0.0979
vn 0.3174 -0.9464 -0.0591
vn 0.3543 -0.9180 0.1779
vn -0.2388 0.6638 0.7088
vn 0.5295 -0.7821 0.3286
vn 0.1020 0.9148 0.3909
vn 0.2761 -0.9611 0.0021
vn 0.5789 -0.8154 0.0018
vn 0.6799 -0.7303 0.0658
vn 0.7665 -0.5724 0.2913
vn 0.7704 -0.5381 0.3419
vn 0.8641 0.1114 0.4909
vn 0.9076 0.2239 0.3552
vn -0.4018 0.3068 0.8628
vn -0.5412 -0.3945 0.7426
vn 0.7001 0.6709 0.2447
vn -0.8917 0.3993 0.2131
vn 0.5898 -0.8076 0.0007
vn 0.3288 -0.9444 -0.0006
vn 0.3935 -0.8176 0.4204
vn -0.2273 -0.9738 0.0011
vn -0.1868 -0.9824 -0.0000
vn -0.0030 0.9073 0.4204
vn 0.1168 0.9909 0.0674
vn -0.1780 0.8969 0.4048
vn -0.3329 0.5884 0.7368
vn -0.2262 0.6274 0.7451
vn 0.0226 0.9997 0.0000
vn 0.3635 0.9296 -0.0611
vn 0.3552 0.9348 -0.0023
vn 0.2822 0.9594 -0.0019
vn 0.2550 0.9616 -0.1014
vn -0.1068 -0.9943 -0.0000
vn -0.0531 0.9583 0.2808
vn 0.5280 0.8291 0.1835
vn 0.3781 0.8957 0.2338
vn 0.6748 0.7243 0.1418
vn 0.7256 0.6690 0.1612
vn 0.2884 0.9450 0.1543
vn -0.4896 -0.8503 0.1931
vn 0.4851 0.8390 0.2467
vn 0.5453 0.7756 -0.3179
vn 0.4945 0.8692 -0.0022
vn 0.4638 0.6826 0.5648
vn 0.8641 0.1114 0.4909
vn 0.6699 -0.2450 0.7009
vn 0.3067 0.8031 0.5109
vn 0.2533 0.5420 0.8013
vn 0.2027 0.7847 0.5859
vn 0.1736 0.9848 0.0007
vn 0.9076 0.2239 0.3552
vn 0.6699 -0.2450 0.7009
vn 0.2310 0.9730 0.0000
vn 0.4756 0.8744 0.0956
vn -0.3885 -0.8243 0.4118
vn -0.6233 -0.5144 0.5890
vn -0.3803 0.6835 0.6231
vn 0.1946 0.9192 0.3423
vn 0.0945 -0.9295 0.3564
vn -0.6305 0.0252 0.7758
vn -0.6305 0.0252 0.7758
vn -0.2503 -0.6083 0.7532
vn 0.1589 -0.5947 0.7881
vn 0.1640 -0.0878 0.9825
vn -0.2613 0.0238 0.9650
vn 0.2639 0.5616 0.7842
vn -0.0242 0.6716 0.7406
vn 0.4404 0.8583 0.2634
vn 0.3071 0.7028 -0.6416
vn 0.7001 0.6709 0.2447
vn 0.1418 -0.6310 0.7627
vn 0.1453 -0.8992 0.4126
vn 0.1713 -0.9720 0.1608
vn 0.1584 -0.1078 0.9815
vn 0.2423 0.4751 0.8459
vn 0.2586 0.8901 0.3753
vn 0.2219 0.9342 0.2793
vn 0.0828 0.5054 0.8589
vn -0.0389 -0.7204 0.6924
vn 0.0610 -0.9860 -0.1549
vn 0.1120 -0.2880 -0.9511
vn -0.6540 0.6699 -0.3515
vn -0.8917 0.3993 0.2131
vn -0.0487 -0.0816 0.9955
vn -0.2674 0.9441 -0.1930
vn -0.1111 0.7671 0.6318
vn -0.1337 0.9724 -0.1914
vn 0.1656 0.2870 -0.9435
vn 0.0114 0.3751 -0.9269
vn 0.0280 -0.4602 -0.8874
vn 0.0615 -0.5567 -0.8284
vn -0.0082 -0.9513 -0.3082
vn 0.0763 -0.9919 -0.1015
vn -0.0766 -0.8365 0.5426
vn -0.0962 -0.7701 0.6306
vn 0.0534 0.6809 0.7304
vn -0.1236 -0.0203 0.9921
vn -0.2447 0.0759 0.9666
vn 0.0931 0.0425 0.9947
vn 0.1689 0.3084 -0.9361
vn 0.1603 0.7182 0.6771
vn 0.2497 -0.0317 0.9678
vn 0.1622 0.9787 -0.1258
vn 0.2513 -0.7934 0.5543
vn 0.2416 -0.1700 -0.9554
vn 0.1689 0.3084 -0.9361
vn 0.2414 0.5333 -0.8108
vn 0.2416 -0.1700 -0.9554
vn -0.3885 -0.8243 0.4118
vn 0.0945 -0.9295 0.3564
vn -0.6233 -0.5144 0.5890
vn -0.6305 0.0252 0.7758
vn -0.3803 0.6835 0.6231
vn 0.1946 0.9192 0.3423
vn 0.5295 -0.7821 0.3286
vn -0.8917 0.3993 0.2131
vn 0.1120 -0.2880 -0.9511
vn 0.2033 0.6680 -0.7159
vn 0.1656 0.2870 -0.9435
vn 0.3573 0.9308 -0.0772
vn 0.0114 0.3751 -0.9269
vn 0.2087 -0.8084 -0.5505
vn 0.0791 0.8630 0.4990
vn 0.2270 0.2555 0.9398
vn 0.1535 0.3056 0.9397
vn -0.0517 0.7977 0.6009
vn -0.1247 0.9922 -0.0000
vn -0.1159 0.9933 -0.0000
vn 0.2498 0.8306 0.4977
vn 0.3856 -0.8800 0.2774
vn 0.3693 -0.9293 0.0000
vn 0.2116 -0.9774 0.0000
vn 0.1237 -0.9662 0.2262
vn 0.2772 -0.5467 0.7901
vn 0.0599 -0.5259 0.8484
vn 0.1989 -0.6046 0.7713
vn 0.2060 -0.9369 0.2825
vn 0.0736 -0.9973 0.0000
vn -0.2505 -0.9358 0.2480
vn 0.1157 -0.9932 -0.0127
vn -0.0408 0.0739 -0.9964
vn -0.0539 -0.7706 -0.6350
vn 0.0289 0.8981 -0.4388
vn 0.0304 0.9131 -0.4065
vn 0.0165 0.9119 -0.4100
vn 0.0778 0.7612 0.6439
vn 0.0898 0.8229 0.5611
vn -0.0848 -0.9852 0.1490
vn -0.0814 -0.7496 -0.6568
vn 0.1405 -0.7272 -0.6719
vn 0.2062 -0.9527 0.2234
vn 0.1403 -0.2507 0.9579
vn -0.1075 -0.2145 0.9708
vn -0.0625 0.0526 -0.9967
vn -0.0416 0.0436 -0.9982
vn 0.0490 0.8802 -0.4721
vn -0.0253 -0.2026 0.9789
vn -0.0303 -0.9812 0.1905
vn -0.2249 -0.9483 0.2238
vn -0.0717 -0.2584 0.9634
vn -0.0748 -0.7543 -0.6522
vn -0.1819 -0.7237 -0.6657
vn 0.1540 0.8957 -0.4171
vn 0.0816 0.0875 -0.9928
vn -0.0599 0.0774 -0.9952
vn 0.1053 0.7802 0.6166
vn 0.4973 0.2359 -0.8349
vn 0.5014 0.2028 -0.8411
vn 0.3715 0.8872 -0.2734
vn 0.5103 0.7931 -0.3326
vn 0.6294 -0.7727 0.0819
vn 0.5784 -0.2018 0.7904
vn 0.4189 0.7432 0.5218
vn 0.5767 0.7102 0.4038
vn 0.5996 -0.5485 -0.5828
vn 0.0365 0.7832 0.6207
vn 0.0524 0.9179 -0.3933
vn 0.0860 0.2822 -0.9555
vn 0.2049 -0.5006 -0.8411
vn 0.6844 -0.4629 -0.5634
vn 0.2522 -0.9594 0.1261
vn 0.1655 -0.2570 0.9521
vn 0.5346 -0.1808 0.8256
vn 0.7442 -0.6574 0.1187
vn -0.1075 -0.2145 0.9708
vn 0.1403 -0.2507 0.9579
vn -0.0253 -0.2026 0.9789
vn -0.0717 -0.2584 0.9634
vn 0.5784 -0.2018 0.7904
vn 0.5346 -0.1808 0.8256
vn 0.0123 0.7730 0.6342
vn 0.1655 -0.2570 0.9521
vn -0.5363 0.0080 -0.8440
vn 0.5407 -0.5625 0.6254
vn -0.5363 0.0080 -0.8440
vn -0.9585 0.2849 -0.0000
vn -0.9357 0.3529 -0.0000
vn -0.9357 0.3529 -0.0000
vn 0.0000 -0.0000 -1.0000
vn -0.9936 -0.1128 -0.0000
vn -0.7202 -0.6938 0.0000
vn 0.4207 0.2017 0.8845
vn -0.5785 0.8157 -0.0000
vn -0.8199 0.5725 -0.0000
vn -0.0030 1.0000 0.0000
vn -0.0531 0.9583 0.2808
vn -0.0316 0.2684 0.9628
vn -0.2020 0.7418 0.6395
vn -0.2625 -0.5445 0.7966
vn -0.1988 -0.9730 0.1177
vn -0.1068 -0.9943 -0.0000
vn -0.0030 1.0000 0.0000
vn -0.4484 -0.5952 -0.6668
vn -0.3073 -0.9515 -0.0175
vn -0.1988 -0.9730 -0.1177
vn -0.2625 -0.5445 -0.7966
vn -0.2750 0.2498 -0.9284
vn -0.0316 0.2684 -0.9628
vn -0.2020 0.7418 -0.6395
vn -0.2208 0.8026 -0.5542
vn -0.2606 -0.9069 -0.3310
vn 0.3763 -0.9096 -0.1759
vn 0.3187 -0.9453 0.0697
vn -0.2203 -0.9692 0.1104
vn -0.2355 0.6634 -0.7102
vn 0.1246 0.9200 -0.3715
vn -0.4878 0.7304 -0.4780
vn 0.6810 -0.7296 -0.0623
vn 0.7684 -0.5715 -0.2880
vn 0.9087 0.2241 -0.3523
vn 0.8638 0.1087 -0.4919
vn 0.7706 -0.5389 -0.3404
vn -0.4040 0.3085 -0.8612
vn -0.9351 0.3323 -0.1230
vn -0.3831 -0.7723 -0.5068
vn -0.5297 -0.4048 -0.7454
vn 0.3937 -0.8174 -0.4206
vn -0.0009 0.9073 -0.4205
vn -0.1780 0.8969 -0.4048
vn 0.1180 0.9907 -0.0680
vn -0.2262 0.6274 -0.7451
vn -0.3315 0.5867 -0.7388
vn 0.3629 0.9301 0.0571
vn 0.2565 0.9617 0.0961
vn -0.0531 0.9583 -0.2808
vn 0.5279 0.8288 -0.1854
vn 0.3766 0.8956 -0.2370
vn 0.7263 0.6681 -0.1617
vn 0.6744 0.7246 -0.1416
vn 0.2898 0.9454 -0.1490
vn -0.4710 -0.8505 -0.2341
vn 0.5451 0.7770 0.3149
vn 0.4862 0.8375 -0.2494
vn 0.4643 0.6807 -0.5666
vn 0.6685 -0.2437 -0.7027
vn 0.8638 0.1087 -0.4919
vn 0.3082 0.8013 -0.5127
vn 0.2524 0.5408 -0.8024
vn 0.2032 0.7847 -0.5856
vn 0.9087 0.2241 -0.3523
vn 0.6685 -0.2437 -0.7027
vn 0.4815 0.8718 -0.0901
vn 0.0941 -0.9172 -0.3871
vn -0.6270 -0.5107 -0.5883
vn 0.2285 0.5263 -0.8190
vn 0.1632 -0.8958 -0.4134
vn 0.3548 -0.9334 0.0525
vn 0.2071 -0.1699 -0.9635
vn 0.2071 -0.1699 -0.9635
vn -0.2474 -0.6128 -0.7505
vn -0.2603 0.0237 -0.9652
vn 0.1640 -0.0878 -0.9825
vn 0.1560 -0.5987 -0.7857
vn 0.2648 0.5492 -0.7926
vn -0.0330 0.6655 -0.7456
vn -0.1012 -0.8832 -0.4579
vn -0.3831 -0.7723 -0.5068
vn 0.3134 0.6996 0.6422
vn 0.1424 -0.6303 -0.7632
vn 0.1591 -0.9741 -0.1606
vn 0.1587 -0.8963 -0.4142
vn 0.1584 -0.1078 -0.9815
vn 0.2423 0.4751 -0.8459
vn 0.2777 0.8824 -0.3798
vn 0.2230 0.9340 -0.2793
vn 0.0833 0.5054 -0.8588
vn -0.0389 -0.7204 -0.6924
vn 0.0653 -0.9864 0.1509
vn 0.1139 -0.2855 0.9516
vn 0.2759 -0.7636 0.5838
vn -0.9351 0.3323 -0.1230
vn -0.0487 -0.0816 -0.9955
vn -0.2998 0.9318 0.2047
vn -0.1747 0.9662 0.1898
vn -0.1178 0.7706 -0.6264
vn 0.1406 0.3050 0.9419
vn 0.0614 -0.5566 0.8285
vn 0.0282 -0.4602 0.8874
vn 0.0083 0.3782 0.9257
vn -0.0080 -0.9513 0.3082
vn 0.0764 -0.9919 0.1015
vn -0.0962 -0.7702 -0.6306
vn -0.0767 -0.8365 -0.5425
vn -0.0067 0.6859 -0.7277
vn -0.2452 0.0757 -0.9665
vn -0.1240 -0.0201 -0.9921
vn 0.0930 0.0427 -0.9948
vn 0.1690 0.3086 0.9361
vn 0.1603 0.7183 -0.6770
vn 0.2496 -0.0316 -0.9678
vn 0.1622 0.9787 0.1260
vn 0.2512 -0.7937 -0.5541
vn 0.2417 -0.1699 0.9554
vn 0.1690 0.3086 0.9361
vn 0.2417 -0.1699 0.9554
vn 0.2416 0.5332 0.8108
vn 0.3548 -0.9334 0.0525
vn 0.0941 -0.9172 -0.3871
vn -0.6270 -0.5107 -0.5883
vn 0.2071 -0.1699 -0.9635
vn 0.2285 0.5263 -0.8190
vn 0.1632 -0.8958 -0.4134
vn -0.4878 0.7304 -0.4780
vn -0.9351 0.3323 -0.1230
vn 0.1139 -0.2855 0.9516
vn 0.2041 0.6680 0.7156
vn 0.1406 0.3050 0.9419
vn 0.2831 0.9565 0.0699
vn 0.0083 0.3782 0.9257
vn 0.2088 -0.8083 0.5505
vn 0.0791 0.8630 -0.4990
vn -0.0517 0.7977 -0.6009
vn 0.1535 0.3056 -0.9397
vn 0.2270 0.2555 -0.9398
vn 0.2498 0.8306 -0.4977
vn 0.3856 -0.8800 -0.2774
vn 0.1237 -0.9662 -0.2262
vn 0.0599 -0.5259 -0.8484
vn 0.2772 -0.5467 -0.7901
vn 0.2060 -0.9369 -0.2825
vn 0.1989 -0.6046 -0.7713
vn -0.2505 -0.9358 -0.2480
vn 0.1156 -0.9932 0.0127
vn -0.0408 0.0739 0.9964
vn -0.0539 -0.7706 0.6350
vn 0.0289 0.8981 0.4388
vn 0.0304 0.9131 0.4065
vn 0.0898 0.8229 -0.5611
vn 0.0778 0.7612 -0.6439
vn 0.0165 0.9119 0.4100
vn -0.0848 -0.9852 -0.1490
vn 0.2062 -0.9527 -0.2234
vn 0.1405 -0.7272 0.6719
vn -0.0814 -0.7496 0.6568
vn 0.1402 -0.2507 -0.9579
vn -0.0690 -0.2298 -0.9708
vn 0.0490 0.8802 0.4721
vn -0.0416 0.0436 0.9982
vn -0.0625 0.0526 0.9967
vn -0.0253 -0.2026 -0.9789
vn -0.0717 -0.2584 -0.9634
vn -0.2249 -0.9483 -0.2238
vn -0.0303 -0.9812 -0.1905
vn -0.1819 -0.7237 0.6657
vn -0.0748 -0.7543 0.6522
vn 0.1540 0.8957 0.4171
vn 0.0816 0.0875 0.9928
vn -0.0723 0.0659 0.9952
vn 0.1053 0.7802 -0.6166
vn 0.4973 0.2359 0.8349
vn 0.5103 0.7930 0.3326
vn 0.3715 0.8872 0.2734
vn 0.5014 0.2028 0.8411
vn 0.5784 -0.2018 -0.7904
vn 0.6294 -0.7727 -0.0819
vn 0.5767 0.7102 -0.4038
vn 0.4189 0.7432 -0.5218
vn 0.5996 -0.5485 0.5828
vn 0.0365 0.7832 -0.6207
vn 0.0860 0.2822 0.9555
vn 0.0524 0.9179 0.3934
vn 0.2049 -0.5006 0.8411
vn 0.6844 -0.4629 0.5634
vn 0.2522 -0.9594 -0.1261
vn 0.7442 -0.6574 -0.1187
vn 0.5345 -0.1808 -0.8256
vn 0.1655 -0.2570 -0.9521
vn -0.0690 -0.2298 -0.9708
vn 0.1402 -0.2507 -0.9579
vn -0.0253 -0.2026 -0.9789
vn -0.0717 -0.2584 -0.9634
vn 0.5345 -0.1808 -0.8256
vn 0.5784 -0.2018 -0.7904
vn 0.0123 0.7731 -0.6342
vn 0.1655 -0.2570 -0.9521
vn -0.5364 0.0080 0.8440
vn 0.5407 -0.5625 -0.6255
vn -0.5364 0.0080 0.8440
vn 0.4190 0.2031 -0.8850
vn -0.0531 0.9583 -0.2808
vn -0.2020 0.7418 -0.6395
vn -0.0316 0.2684 -0.9628
vn -0.2625 -0.5445 -0.7966
vn -0.1988 -0.9730 -0.1177
vt 0.422074 0.843582
vt 0.505385 0.836823
vt 0.505385 0.770211
vt 0.289033 0.795211
vt 0.149165 0.783435
vt 0.152550 0.817595
vt 0.288004 0.832099
vt 0.415297 0.659082
vt 0.505385 0.667235
vt 0.505385 0.566707
vt 0.427468 0.561146
vt 0.188800 0.653148
vt 0.244316 0.643301
vt 0.183113 0.587805
vt 0.587416 0.567708
vt 0.587416 0.467618
vt 0.505385 0.467646
vt 0.427608 0.471070
vt 0.505385 0.411064
vt 0.449422 0.377886
vt 0.388962 0.384897
vt 0.278777 0.734438
vt 0.398290 0.722570
vt 0.370437 0.663085
vt 0.286711 0.692788
vt 0.587416 0.416038
vt 0.587416 0.358217
vt 0.535319 0.353881
vt 0.587416 0.679482
vt 0.587416 0.777537
vt 0.140456 0.669197
vt 0.069049 0.672178
vt 0.141007 0.689110
vt 0.191268 0.676353
vt 0.177760 0.723898
vt 0.010352 0.778852
vt 0.052794 0.532797
vt 0.010352 0.529229
vt 0.010352 0.577426
vt 0.057763 0.584990
vt 0.587416 0.841437
vt 0.097538 0.815653
vt 0.112585 0.475518
vt 0.130706 0.494472
vt 0.166207 0.459011
vt 0.147956 0.435812
vt 0.128354 0.587348
vt 0.434828 0.700298
vt 0.068661 0.463730
vt 0.037199 0.508332
vt 0.010352 0.509414
vt 0.113701 0.374582
vt 0.176050 0.346269
vt 0.124434 0.312572
vt 0.101483 0.415022
vt 0.061561 0.366167
vt 0.035404 0.390605
vt 0.010352 0.400751
vt 0.210838 0.378808
vt 0.486996 0.342835
vt 0.010352 0.671580
vt 0.168432 0.517001
vt 0.245365 0.529673
vt 0.255004 0.476745
vt 0.348197 0.487673
vt 0.356864 0.590808
vt 0.233885 0.585248
vt 0.287605 0.408340
vt 0.324881 0.392650
vt 0.847243 0.104834
vt 0.848545 0.126793
vt 0.801108 0.135674
vt 0.799649 0.082645
vt 0.736058 0.131462
vt 0.728280 0.099583
vt 0.677798 0.134297
vt 0.646809 0.170255
vt 0.638151 0.131050
vt 0.849654 0.170967
vt 0.889717 0.129932
vt 0.904068 0.169096
vt 0.798413 0.169571
vt 0.742549 0.169541
vt 0.694985 0.170492
vt 0.690105 0.240107
vt 0.741370 0.240107
vt 0.846277 0.240107
vt 0.903886 0.246234
vt 0.987536 0.252071
vt 0.961335 0.169506
vt 0.982361 0.171781
vt 0.792223 0.240107
vt 0.678280 0.332769
vt 0.739756 0.362942
vt 0.682021 0.359705
vt 0.987536 0.323744
vt 0.987536 0.357046
vt 0.946596 0.362951
vt 0.939783 0.332069
vt 0.893391 0.357772
vt 0.896756 0.322375
vt 0.842702 0.357266
vt 0.844930 0.316133
vt 0.739221 0.310444
vt 0.791088 0.311076
vt 0.790571 0.340007
vt 0.791737 0.380971
vt 0.987536 0.399912
vt 0.741043 0.458412
vt 0.793725 0.458412
vt 0.695579 0.458412
vt 0.843235 0.458412
vt 0.957619 0.458412
vt 0.617215 0.399581
vt 0.656688 0.458412
vt 0.617215 0.458412
vt 0.886073 0.052494
vt 0.924531 0.088850
vt 0.847344 0.023871
vt 0.794788 0.022203
vt 0.722679 0.031674
vt 0.674883 0.088299
vt 0.949361 0.128892
vt 0.576431 0.166573
vt 0.579795 0.239435
vt 0.637844 0.239676
vt 0.606999 0.323744
vt 0.672066 0.310687
vt 0.616485 0.357046
vt 0.913879 0.458412
vt 0.709976 0.579037
vt 0.779355 0.579037
vt 0.775390 0.533163
vt 0.699160 0.533163
vt 0.607672 0.533163
vt 0.607378 0.579037
vt 0.671837 0.680499
vt 0.908609 0.579037
vt 0.958582 0.579037
vt 0.958709 0.533163
vt 0.908804 0.533163
vt 0.861826 0.579037
vt 0.861394 0.533163
vt 0.861834 0.617764
vt 0.907640 0.625384
vt 0.958556 0.626406
vt 0.908820 0.656176
vt 0.904422 0.683931
vt 0.814363 0.681974
vt 0.865043 0.682866
vt 0.741630 0.681013
vt 0.736159 0.857160
vt 0.739117 0.837268
vt 0.690138 0.831429
vt 0.690912 0.857160
vt 0.905527 0.857160
vt 0.868502 0.857160
vt 0.867582 0.893692
vt 0.907678 0.893889
vt 0.988240 0.899207
vt 0.988240 0.857160
vt 0.819166 0.826560
vt 0.822955 0.766579
vt 0.743372 0.765347
vt 0.988240 0.768878
vt 0.904422 0.766413
vt 0.905141 0.825440
vt 0.988240 0.824372
vt 0.869014 0.766870
vt 0.868656 0.830086
vt 0.737408 0.893144
vt 0.811426 0.893234
vt 0.817233 0.857160
vt 0.687130 0.893558
vt 0.809211 0.933463
vt 0.810318 0.913349
vt 0.736804 0.913399
vt 0.736199 0.933654
vt 0.908266 0.913663
vt 0.988240 0.921667
vt 0.685771 0.913551
vt 0.684413 0.933544
vt 0.866574 0.913505
vt 0.680304 0.775269
vt 0.737062 0.991893
vt 0.808582 0.991893
vt 0.864414 0.991893
vt 0.865567 0.933318
vt 0.912458 0.991893
vt 0.988240 0.991893
vt 0.988240 0.944127
vt 0.908854 0.933436
vt 0.607015 0.857160
vt 0.607015 0.899207
vt 0.607015 0.786469
vt 0.607015 0.830905
vt 0.607015 0.921667
vt 0.607015 0.944127
vt 0.681794 0.991893
vt 0.607015 0.991893
vt 0.607015 0.696752
vt 0.958197 0.683020
vt 0.988240 0.683753
vt 0.607209 0.686467
vt 0.607015 0.686700
vt 0.988240 0.637267
vt 0.983400 0.644171
vt 0.975323 0.657360
vt 0.964734 0.656510
vt 0.097952 0.346721
vt 0.607111 0.603123
vt 0.607045 0.675786
vt 0.607647 0.487853
vt 0.665168 0.489434
vt 0.776555 0.489962
vt 0.698636 0.489962
vt 0.858119 0.489962
vt 0.908804 0.489962
vt 0.958709 0.489962
vt 0.010419 0.816359
vt 0.426867 0.797905
vt 0.505385 0.770211
vt 0.505385 0.836823
vt 0.422074 0.843582
vt 0.289033 0.795211
vt 0.288004 0.832099
vt 0.152550 0.817595
vt 0.149165 0.783435
vt 0.415297 0.659082
vt 0.427468 0.561146
vt 0.505385 0.566707
vt 0.505385 0.667235
vt 0.188800 0.653148
vt 0.183113 0.587805
vt 0.244316 0.643301
vt 0.505385 0.467646
vt 0.427608 0.471070
vt 0.388962 0.384897
vt 0.449422 0.377886
vt 0.505385 0.411064
vt 0.278777 0.734438
vt 0.286711 0.692788
vt 0.370437 0.663085
vt 0.398290 0.722570
vt 0.535319 0.353881
vt 0.140456 0.669197
vt 0.141007 0.689110
vt 0.069049 0.672178
vt 0.177760 0.723898
vt 0.191268 0.676353
vt 0.052794 0.532797
vt 0.057763 0.584990
vt 0.097538 0.815653
vt 0.112585 0.475518
vt 0.130706 0.494472
vt 0.147956 0.435812
vt 0.166207 0.459011
vt 0.128354 0.587348
vt 0.434828 0.700298
vt 0.037199 0.508332
vt 0.068661 0.463730
vt 0.113701 0.374582
vt 0.124434 0.312572
vt 0.176050 0.346269
vt 0.101483 0.415022
vt 0.061561 0.366167
vt 0.035404 0.390605
vt 0.210838 0.378808
vt 0.486996 0.342835
vt 0.168432 0.517001
vt 0.245365 0.529673
vt 0.255004 0.476745
vt 0.348197 0.487673
vt 0.356864 0.590808
vt 0.233885 0.585248
vt 0.287605 0.408340
vt 0.324881 0.392650
vt 0.847243 0.104834
vt 0.799649 0.082645
vt 0.801108 0.135674
vt 0.848545 0.126793
vt 0.736058 0.131462
vt 0.728280 0.099583
vt 0.677798 0.134297
vt 0.638151 0.131050
vt 0.646809 0.170255
vt 0.849654 0.170967
vt 0.904068 0.169096
vt 0.889717 0.129932
vt 0.798413 0.169571
vt 0.742549 0.169541
vt 0.694985 0.170492
vt 0.690105 0.240107
vt 0.741370 0.240107
vt 0.846277 0.240107
vt 0.903886 0.246234
vt 0.987536 0.252071
vt 0.961335 0.169506
vt 0.982361 0.171781
vt 0.792223 0.240107
vt 0.678280 0.332769
vt 0.682021 0.359705
vt 0.739756 0.362942
vt 0.987536 0.323744
vt 0.939783 0.332069
vt 0.946596 0.362951
vt 0.987536 0.357046
vt 0.893391 0.357772
vt 0.896756 0.322375
vt 0.844930 0.316133
vt 0.842702 0.357266
vt 0.739221 0.310444
vt 0.790571 0.340007
vt 0.791088 0.311076
vt 0.791737 0.380971
vt 0.987536 0.399912
vt 0.741043 0.458412
vt 0.793725 0.458412
vt 0.695579 0.458412
vt 0.843235 0.458412
vt 0.957619 0.458412
vt 0.617215 0.399581
vt 0.617215 0.458412
vt 0.656688 0.458412
vt 0.924531 0.088850
vt 0.886073 0.052494
vt 0.847344 0.023871
vt 0.794788 0.022203
vt 0.722679 0.031674
vt 0.674883 0.088299
vt 0.949361 0.128892
vt 0.576431 0.166573
vt 0.579795 0.239435
vt 0.637844 0.239676
vt 0.606999 0.323744
vt 0.672066 0.310687
vt 0.616485 0.357046
vt 0.913879 0.458412
vt 0.709976 0.579037
vt 0.699160 0.533163
vt 0.775390 0.533163
vt 0.779355 0.579037
vt 0.671837 0.680499
vt 0.908609 0.579037
vt 0.908804 0.533163
vt 0.861394 0.533163
vt 0.861826 0.579037
vt 0.907640 0.625384
vt 0.861834 0.617764
vt 0.908820 0.656176
vt 0.904422 0.683931
vt 0.814363 0.681974
vt 0.865043 0.682866
vt 0.741630 0.681013
vt 0.736159 0.857160
vt 0.690912 0.857160
vt 0.690138 0.831429
vt 0.739117 0.837268
vt 0.905527 0.857160
vt 0.907678 0.893889
vt 0.867582 0.893692
vt 0.868502 0.857160
vt 0.988240 0.899207
vt 0.988240 0.857160
vt 0.743372 0.765347
vt 0.822955 0.766579
vt 0.819166 0.826560
vt 0.988240 0.768878
vt 0.988240 0.824372
vt 0.905141 0.825440
vt 0.904422 0.766413
vt 0.868656 0.830086
vt 0.869014 0.766870
vt 0.737408 0.893144
vt 0.811426 0.893234
vt 0.817233 0.857160
vt 0.687130 0.893558
vt 0.809211 0.933463
vt 0.736199 0.933654
vt 0.736804 0.913399
vt 0.810318 0.913349
vt 0.988240 0.921667
vt 0.908266 0.913663
vt 0.684413 0.933544
vt 0.685771 0.913551
vt 0.866574 0.913505
vt 0.680304 0.775269
vt 0.808582 0.991893
vt 0.737062 0.991893
vt 0.864414 0.991893
vt 0.865567 0.933318
vt 0.912458 0.991893
vt 0.908854 0.933436
vt 0.988240 0.944127
vt 0.988240 0.991893
vt 0.607015 0.857160
vt 0.607015 0.899207
vt 0.607015 0.786469
vt 0.607015 0.830905
vt 0.607015 0.944127
vt 0.607015 0.921667
vt 0.681794 0.991893
vt 0.607015 0.991893
vt 0.607015 0.696752
vt 0.958197 0.683020
vt 0.988240 0.683753
vt 0.097952 0.346721
vt 0.665168 0.489434
vt 0.698636 0.489962
vt 0.776555 0.489962
vt 0.858119 0.489962
vt 0.908804 0.489962
vt 0.000000 0.000000
f 1/1/1 2/2/2 3/3/3
f 2/2/2 3/3/3 3/3/3
f 3/3/3 3/3/3 4/4/4
f 3/3/3 1/1/1 4/4/4
f 4/4/4 1/1/1 5/5/5
f 1/1/1 6/6/6 5/5/5
f 5/5/5 6/6/6 7/7/7
f 6/6/6 7/7/7 7/7/7
f 7/7/7 7/7/7 8/8/8
f 7/7/7 5/5/5 8/8/8
f 8/8/8 5/5/5 5/5/5
f 5/5/5 8/8/8 5/5/5
f 5/5/5 8/8/8 2/2/2
f 8/8/8 2/2/2 2/2/2
f 2/2/2 2/2/2 1/1/1
f 2/2/2 5/5/5 1/1/1
f 1/1/1 5/5/5 9/9/9
f 5/5/5 10/10/10 9/9/9
f 9/9/9 10/10/10 11/11/11
f 10/10/10 11/11/11 11/11/11
f 11/11/11 11/11/11 12/12/12
f 11/11/11 9/9/9 12/12/12
f 12/12/12 9/9/9 13/13/13
f 9/9/9 14/14/14 13/13/13
f 13/13/13 14/14/14 15/15/15
f 14/14/14 16/16/16 15/15/15
f 15/15/15 16/16/16 17/17/17
f 16/16/16 18/18/18 17/17/17
f 17/17/17 18/18/18 18/18/18
f 18/18/18 11/11/11 18/18/18
f 18/18/18 11/11/11 16/16/16
f 11/11/11 12/12/12 16/16/16
f 16/16/16 12/12/12 11/11/11
f 12/12/12 18/18/18 11/11/11
f 11/11/11 18/18/18 18/18/18
f 18/18/18 19/19/19 18/18/18
f 18/18/18 19/19/19 12/12/12
f 19/19/19 19/19/19 12/12/12
f 12/12/12 19/19/19 20/20/20
f 19/19/19 21/21/21 20/20/20
f 20/20/20 21/21/21 21/21/21
f 21/21/21 22/22/22 21/21/21
f 21/21/21 22/22/22 19/19/19
f 22/22/22 23/23/23 19/19/19
f 19/19/19 23/23/23 24/24/24
f 23/23/23 25/25/25 24/24/24
f 24/24/24 25/25/25 25/25/25
f 25/25/25 26/26/26 25/25/25
f 25/25/25 26/26/26 23/23/23
f 26/26/26 20/20/20 23/23/23
f 23/23/23 20/20/20 18/18/18
f 20/20/20 17/17/17 18/18/18
f 18/18/18 17/17/17 17/17/17
f 17/17/17 27/27/27 17/17/17
f 17/17/17 27/27/27 20/20/20
f 27/27/27 27/27/27 20/20/20
f 20/20/20 27/27/27 28/28/28
f 27/27/27 29/29/29 28/28/28
f 28/28/28 29/29/29 29/29/29
f 29/29/29 20/20/20 29/29/29
f 29/29/29 20/20/20 27/27/27
f 20/20/20 30/30/30 27/27/27
f 27/27/27 30/30/30 10/10/10
f 30/30/30 4/4/4 10/10/10
f 10/10/10 4/4/4 4/4/4
f 4/4/4 31/31/31 4/4/4
f 4/4/4 31/31/31 30/30/30
f 31/31/31 32/32/32 30/30/30
f 30/30/30 32/32/32 33/33/33
f 32/32/32 34/34/34 33/33/33
f 33/33/33 34/34/34 23/23/23
f 34/34/34 35/35/35 23/23/23
f 23/23/23 35/35/35 36/36/36
f 35/35/35 11/11/11 36/36/36
f 36/36/36 11/11/11 10/10/10
f 11/11/11 30/30/30 10/10/10
f 10/10/10 30/30/30 30/30/30
f 30/30/30 16/16/16 30/30/30
f 30/30/30 16/16/16 11/11/11
f 16/16/16 25/25/25 11/11/11
f 11/11/11 25/25/25 24/24/24
f 25/25/25 9/9/9 24/24/24
f 24/24/24 9/9/9 6/6/6
f 9/9/9 33/33/33 6/6/6
f 6/6/6 33/33/33 37/37/37
f 33/33/33 38/38/38 37/37/37
f 37/37/37 38/38/38 39/39/39
f 38/38/38 40/40/40 39/39/39
f 39/39/39 40/40/40 40/40/40
f 40/40/40 41/41/41 40/40/40
f 40/40/40 41/41/41 38/38/38
f 41/41/41 31/31/31 38/38/38
f 38/38/38 31/31/31 4/4/4
f 31/31/31 3/3/3 4/4/4
f 4/4/4 3/3/3 3/3/3
f 3/3/3 42/42/42 3/3/3
f 3/3/3 42/42/42 31/31/31
f 42/42/42 6/6/6 31/31/31
f 31/31/31 6/6/6 37/37/37
f 6/6/6 43/43/43 37/37/37
f 37/37/37 43/43/43 44/44/44
f 43/43/43 38/38/38 44/44/44
f 44/44/44 38/38/38 45/45/45
f 38/38/38 44/44/44 45/45/45
f 45/45/45 44/44/44 46/46/46
f 44/44/44 47/47/47 46/46/46
f 46/46/46 47/47/47 15/15/15
f 47/47/47 48/48/48 15/15/15
f 15/15/15 48/48/48 32/32/32
f 48/48/48 32/32/32 32/32/32
f 32/32/32 32/32/32 34/34/34
f 32/32/32 35/35/35 34/34/34
f 34/34/34 35/35/35 6/6/6
f 35/35/35 34/34/34 6/6/6
f 6/6/6 34/34/34 33/33/33
f 34/34/34 34/34/34 33/33/33
f 33/33/33 34/34/34 6/6/6
f 34/34/34 36/36/36 6/6/6
f 6/6/6 36/36/36 26/26/26
f 36/36/36 14/14/14 26/26/26
f 26/26/26 14/14/14 23/23/23
f 14/14/14 49/49/49 23/23/23
f 23/23/23 49/49/49 4/4/4
f 49/49/49 10/10/10 4/4/4
f 4/4/4 10/10/10 24/24/24
f 10/10/10 4/4/4 24/24/24
f 24/24/24 4/4/4 49/49/49
f 4/4/4 6/6/6 49/49/49
f 49/49/49 6/6/6 5/5/5
f 6/6/6 23/23/23 5/5/5
f 5/5/5 23/23/23 23/23/23
f 23/23/23 36/36/36 23/23/23
f 23/23/23 36/36/36 6/6/6
f 36/36/36 44/44/44 6/6/6
f 6/6/6 44/44/44 50/50/50
f 44/44/44 51/51/51 50/50/50
f 50/50/50 51/51/51 38/38/38
f 51/51/51 51/51/51 38/38/38
f 38/38/38 51/51/51 39/39/39
f 51/51/51 39/39/39 39/39/39
f 39/39/39 39/39/39 51/51/51
f 39/39/39 52/52/52 51/51/51
f 51/51/51 52/52/52 50/50/50
f 52/52/52 44/44/44 50/50/50
f 50/50/50 44/44/44 47/47/47
f 44/44/44 53/53/53 47/47/47
f 47/47/47 53/53/53 54/54/54
f 53/53/53 55/55/55 54/54/54
f 54/54/54 55/55/55 53/53/53
f 55/55/55 56/56/56 53/53/53
f 53/53/53 56/56/56 47/47/47
f 56/56/56 57/57/57 47/47/47
f 47/47/47 57/57/57 58/58/58
f 57/57/57 50/50/50 58/58/58
f 58/58/58 50/50/50 52/52/52
f 50/50/50 50/50/50 52/52/52
f 52/52/52 50/50/50 58/58/58
f 50/50/50 52/52/52 58/58/58
f 58/58/58 52/52/52 58/58/58
f 52/52/52 59/59/59 58/58/58
f 58/58/58 59/59/59 60/60/60
f 59/59/59 47/47/47 60/60/60
f 60/60/60 47/47/47 46/46/46
f 47/47/47 60/60/60 46/46/46
f 46/46/46 60/60/60 54/54/54
f 60/60/60 53/53/53 54/54/54
f 54/54/54 53/53/53 48/48/48
f 53/53/53 33/33/33 48/48/48
f 48/48/48 33/33/33 32/32/32
f 33/33/33 34/34/34 32/32/32
f 32/32/32 34/34/34 36/36/36
f 34/34/34 35/35/35 36/36/36
f 36/36/36 35/35/35 21/21/21
f 35/35/35 20/20/20 21/21/21
f 21/21/21 20/20/20 61/61/61
f 20/20/20 19/19/19 61/61/61
f 61/61/61 19/19/19 18/18/18
f 19/19/19 20/20/20 18/18/18
f 18/18/18 20/20/20 50/50/50
f 20/20/20 47/47/47 50/50/50
f 50/50/50 47/47/47 56/56/56
f 47/47/47 29/29/29 56/56/56
f 56/56/56 29/29/29 61/61/61
f 29/29/29 20/20/20 61/61/61
f 61/61/61 20/20/20 49/49/49
f 20/20/20 10/10/10 49/49/49
f 49/49/49 10/10/10 9/9/9
f 10/10/10 33/33/33 9/9/9
f 9/9/9 33/33/33 41/41/41
f 33/33/33 40/40/40 41/41/41
f 41/41/41 40/40/40 40/40/40
f 40/40/40 62/62/62 40/40/40
f 40/40/40 62/62/62 33/33/33
f 62/62/62 38/38/38 33/33/33
f 33/33/33 38/38/38 48/48/48
f 38/38/38 63/63/63 48/48/48
f 48/48/48 63/63/63 44/44/44
f 63/63/63 51/51/51 44/44/44
f 44/44/44 51/51/51 38/38/38
f 51/51/51 46/46/46 38/38/38
f 38/38/38 46/46/46 44/44/44
f 46/46/46 45/45/45 44/44/44
f 44/44/44 45/45/45 51/51/51
f 45/45/45 50/50/50 51/51/51
f 51/51/51 50/50/50 52/52/52
f 50/50/50 53/53/53 52/52/52
f 52/52/52 53/53/53 57/57/57
f 53/53/53 56/56/56 57/57/57
f 57/57/57 56/56/56 56/56/56
f 56/56/56 57/57/57 56/56/56
f 56/56/56 57/57/57 50/50/50
f 57/57/57 53/53/53 50/50/50
f 50/50/50 53/53/53 47/47/47
f 53/53/53 60/60/60 47/47/47
f 47/47/47 60/60/60 32/32/32
f 60/60/60 13/13/13 32/32/32
f 32/32/32 13/13/13 15/15/15
f 13/13/13 38/38/38 15/15/15
f 15/15/15 38/38/38 63/63/63
f 38/38/38 45/45/45 63/63/63
f 63/63/63 45/45/45 45/45/45
f 45/45/45 63/63/63 45/45/45
f 45/45/45 63/63/63 46/46/46
f 63/63/63 32/32/32 46/46/46
f 46/46/46 32/32/32 35/35/35
f 32/32/32 13/13/13 35/35/35
f 35/35/35 13/13/13 13/13/13
f 13/13/13 35/35/35 13/13/13
f 13/13/13 35/35/35 14/14/14
f 35/35/35 48/48/48 14/14/14
f 14/14/14 48/48/48 15/15/15
f 48/48/48 63/63/63 15/15/15
f 15/15/15 63/63/63 64/64/64
f 63/63/63 65/65/65 64/64/64
f 64/64/64 65/65/65 63/63/63
f 65/65/65 66/66/66 63/63/63
f 63/63/63 66/66/66 67/67/67
f 66/66/66 12/12/12 67/67/67
f 67/67/67 12/12/12 12/12/12
f 12/12/12 19/19/19 12/12/12
f 12/12/12 19/19/19 66/66/66
f 19/19/19 68/68/68 66/66/66
f 66/66/66 68/68/68 64/64/64
f 68/68/68 15/15/15 64/64/64
f 64/64/64 15/15/15 69/69/69
f 15/15/15 60/60/60 69/69/69
f 69/69/69 60/60/60 46/46/46
f 60/60/60 46/46/46 46/46/46
f 46/46/46 46/46/46 65/65/65
f 46/46/46 69/69/69 65/65/65
f 65/65/65 69/69/69 12/12/12
f 69/69/69 67/67/67 12/12/12
f 12/12/12 67/67/67 9/9/9
f 67/67/67 66/66/66 9/9/9
f 9/9/9 66/66/66 22/22/22
f 66/66/66 70/70/70 22/22/22
f 22/22/22 70/70/70 22/22/22
f 70/70/70 66/66/66 22/22/22
f 22/22/22 66/66/66 19/19/19
f 66/66/66 25/25/25 19/19/19
f 19/19/19 25/25/25 9/9/9
f 25/25/25 67/67/67 9/9/9
f 9/9/9 67/67/67 14/14/14
f 67/67/67 68/68/68 14/14/14
f 14/14/14 68/68/68 15/15/15
f 68/68/68 4/4/4 15/15/15
f 15/15/15 4/4/4 24/24/24
f 4/4/4 1/1/1 24/24/24
f 24/24/24 1/1/1 1/1/1
f 1/1/1 23/23/23 1/1/1
f 1/1/1 23/23/23 5/5/5
f 23/23/23 23/23/23 5/5/5
f 5/5/5 23/23/23 1/1/1
f 23/23/23 24/24/24 1/1/1
f 1/1/1 24/24/24 71/71/71
f 24/24/24 72/72/72 71/71/71
f 71/71/71 72/72/72 73/73/73
f 72/72/72 73/73/73 73/73/73
f 73/73/73 73/73/73 74/74/74
f 73/73/73 71/71/71 74/74/74
f 74/74/74 71/71/71 75/75/75
f 71/71/71 76/76/76 75/75/75
f 75/75/75 76/76/76 74/74/74
f 76/76/76 74/74/74 74/74/74
f 74/74/74 74/74/74 73/73/73
f 74/74/74 75/75/75 73/73/73
f 73/73/73 75/75/75 77/77/77
f 75/75/75 76/76/76 77/77/77
f 77/77/77 76/76/76 75/75/75
f 76/76/76 77/77/77 75/75/75
f 75/75/75 77/77/77 78/78/78
f 77/77/77 79/79/79 78/78/78
f 78/78/78 79/79/79 80/80/80
f 79/79/79 72/72/72 80/80/80
f 80/80/80 72/72/72 81/81/81
f 72/72/72 81/81/81 81/81/81
f 81/81/81 81/81/81 82/82/82
f 81/81/81 80/80/80 82/82/82
f 82/82/82 80/80/80 83/83/83
f 80/80/80 73/73/73 83/83/83
f 83/83/83 73/73/73 72/72/72
f 73/73/73 72/72/72 72/72/72
f 72/72/72 72/72/72 80/80/80
f 72/72/72 83/83/83 80/80/80
f 80/80/80 83/83/83 84/84/84
f 83/83/83 75/75/75 84/84/84
f 84/84/84 75/75/75 73/73/73
f 75/75/75 73/73/73 73/73/73
f 73/73/73 73/73/73 83/83/83
f 73/73/73 84/84/84 83/83/83
f 83/83/83 84/84/84 85/85/85
f 84/84/84 77/77/77 85/85/85
f 85/85/85 77/77/77 75/75/75
f 77/77/77 75/75/75 75/75/75
f 75/75/75 75/75/75 84/84/84
f 75/75/75 85/85/85 84/84/84
f 84/84/84 85/85/85 86/86/86
f 85/85/85 85/85/85 86/86/86
f 86/86/86 85/85/85 87/87/87
f 85/85/85 88/88/88 87/87/87
f 87/87/87 88/88/88 80/80/80
f 88/88/88 82/82/82 80/80/80
f 80/80/80 82/82/82 82/82/82
f 82/82/82 89/89/89 82/82/82
f 82/82/82 89/89/89 88/88/88
f 89/89/89 85/85/85 88/88/88
f 88/88/88 85/85/85 86/86/86
f 85/85/85 78/78/78 86/86/86
f 86/86/86 78/78/78 90/90/90
f 78/78/78 89/89/89 90/90/90
f 90/90/90 89/89/89 91/91/91
f 89/89/89 92/92/92 91/91/91
f 91/91/91 92/92/92 90/90/90
f 92/92/92 91/91/91 90/90/90
f 90/90/90 91/91/91 88/88/88
f 91/91/91 93/93/93 88/88/88
f 88/88/88 93/93/93 83/83/83
f 93/93/93 83/83/83 83/83/83
f 83/83/83 83/83/83 80/80/80
f 83/83/83 88/88/88 80/80/80
f 80/80/80 88/88/88 87/87/87
f 88/88/88 84/84/84 87/87/87
f 87/87/87 84/84/84 83/83/83
f 84/84/84 83/83/83 83/83/83
f 83/83/83 83/83/83 93/93/93
f 83/83/83 87/87/87 93/93/93
f 93/93/93 87/87/87 94/94/94
f 87/87/87 95/95/95 94/94/94
f 94/94/94 95/95/95 96/96/96
f 95/95/95 97/97/97 96/96/96
f 96/96/96 97/97/97 98/98/98
f 97/97/97 99/99/99 98/98/98
f 98/98/98 99/99/99 99/99/99
f 99/99/99 100/100/100 99/99/99
f 99/99/99 100/100/100 97/97/97
f 100/100/100 101/101/101 97/97/97
f 97/97/97 101/101/101 102/102/102
f 101/101/101 100/100/100 102/102/102
f 102/102/102 100/100/100 100/100/100
f 100/100/100 99/99/99 100/100/100
f 100/100/100 99/99/99 101/101/101
f 99/99/99 101/101/101 101/101/101
f 101/101/101 101/101/101 103/103/103
f 101/101/101 104/104/104 103/103/103
f 103/103/103 104/104/104 104/104/104
f 104/104/104 102/102/102 104/104/104
f 104/104/104 102/102/102 101/101/101
f 102/102/102 105/105/105 101/101/101
f 101/101/101 105/105/105 106/106/106
f 105/105/105 107/107/107 106/106/106
f 106/106/106 107/107/107 107/107/107
f 107/107/107 95/95/95 107/107/107
f 107/107/107 95/95/95 105/105/105
f 95/95/95 104/104/104 105/105/105
f 105/105/105 104/104/104 106/106/106
f 104/104/104 93/93/93 106/106/106
f 106/106/106 93/93/93 93/93/93
f 93/93/93 88/88/88 93/93/93
f 93/93/93 88/88/88 104/104/104
f 88/88/88 88/88/88 104/104/104
f 104/104/104 88/88/88 89/89/89
f 88/88/88 102/102/102 89/89/89
f 89/89/89 102/102/102 102/102/102
f 102/102/102 104/104/104 102/102/102
f 102/102/102 104/104/104 88/88/88
f 104/104/104 89/89/89 88/88/88
f 88/88/88 89/89/89 90/90/90
f 89/89/89 100/100/100 90/90/90
f 90/90/90 100/100/100 100/100/100
f 100/100/100 102/102/102 100/100/100
f 100/100/100 102/102/102 89/89/89
f 102/102/102 97/97/97 89/89/89
f 89/89/89 97/97/97 100/100/100
f 97/97/97 90/90/90 100/100/100
f 100/100/100 90/90/90 107/107/107
f 90/90/90 108/108/108 107/107/107
f 107/107/107 108/108/108 95/95/95
f 108/108/108 109/109/109 95/95/95
f 95/95/95 109/109/109 99/99/99
f 109/109/109 98/98/98 99/99/99
f 99/99/99 98/98/98 103/103/103
f 98/98/98 108/108/108 103/103/103
f 103/103/103 108/108/108 107/107/107
f 108/108/108 110/110/110 107/107/107
f 107/107/107 110/110/110 95/95/95
f 110/110/110 108/108/108 95/95/95
f 95/95/95 108/108/108 108/108/108
f 108/108/108 111/111/111 108/108/108
f 108/108/108 111/111/111 110/110/110
f 111/111/111 95/95/95 110/110/110
f 110/110/110 95/95/95 110/110/110
f 95/95/95 112/112/112 110/110/110
f 110/110/110 112/112/112 112/112/112
f 112/112/112 96/96/96 112/112/112
f 112/112/112 96/96/96 95/95/95
f 96/96/96 108/108/108 95/95/95
f 95/95/95 108/108/108 103/103/103
f 108/108/108 113/113/113 103/103/103
f 103/103/103 113/113/113 113/113/113
f 113/113/113 111/111/111 113/113/113
f 113/113/113 111/111/111 108/108/108
f 111/111/111 114/114/114 108/108/108
f 108/108/108 114/114/114 99/99/99
f 114/114/114 109/109/109 99/99/99
f 99/99/99 109/109/109 115/115/115
f 109/109/109 116/116/116 115/115/115
f 115/115/115 116/116/116 117/117/117
f 116/116/116 72/72/72 117/117/117
f 117/117/117 72/72/72 71/71/71
f 72/72/72 81/81/81 71/71/71
f 71/71/71 81/81/81 81/81/81
f 81/81/81 118/118/118 81/81/81
f 81/81/81 118/118/118 119/119/119
f 118/118/118 74/74/74 119/119/119
f 119/119/119 74/74/74 120/120/120
f 74/74/74 71/71/71 120/120/120
f 120/120/120 71/71/71 120/120/120
f 71/71/71 74/74/74 120/120/120
f 120/120/120 74/74/74 121/121/121
f 74/74/74 122/122/122 121/121/121
f 121/121/121 122/122/122 74/74/74
f 122/122/122 76/76/76 74/74/74
f 74/74/74 76/76/76 74/74/74
f 76/76/76 122/122/122 74/74/74
f 74/74/74 122/122/122 121/121/121
f 122/122/122 122/122/122 121/121/121
f 121/121/121 122/122/122 76/76/76
f 122/122/122 123/123/123 76/76/76
f 76/76/76 123/123/123 123/123/123
f 123/123/123 77/77/77 123/123/123
f 123/123/123 77/77/77 79/79/79
f 77/77/77 124/124/124 79/79/79
f 79/79/79 124/124/124 81/81/81
f 124/124/124 119/119/119 81/81/81
f 81/81/81 119/119/119 81/81/81
f 119/119/119 124/124/124 81/81/81
f 81/81/81 124/124/124 82/82/82
f 124/124/124 92/92/92 82/82/82
f 82/82/82 92/92/92 91/91/91
f 92/92/92 124/124/124 91/91/91
f 91/91/91 124/124/124 78/78/78
f 124/124/124 125/125/125 78/78/78
f 78/78/78 125/125/125 79/79/79
f 125/125/125 124/124/124 79/79/79
f 79/79/79 124/124/124 91/91/91
f 124/124/124 82/82/82 91/91/91
f 91/91/91 82/82/82 78/78/78
f 82/82/82 126/126/126 78/78/78
f 78/78/78 126/126/126 125/125/125
f 126/126/126 126/126/126 125/125/125
f 125/125/125 126/126/126 78/78/78
f 126/126/126 127/127/127 78/78/78
f 78/78/78 127/127/127 87/87/87
f 127/127/127 106/106/106 87/87/87
f 87/87/87 106/106/106 105/105/105
f 106/106/106 106/106/106 105/105/105
f 105/105/105 106/106/106 104/104/104
f 106/106/106 103/103/103 104/104/104
f 104/104/104 103/103/103 103/103/103
f 103/103/103 107/107/107 103/103/103
f 103/103/103 107/107/107 106/106/106
f 107/107/107 128/128/128 106/106/106
f 106/106/106 128/128/128 126/126/126
f 128/128/128 127/127/127 126/126/126
f 126/126/126 127/127/127 105/105/105
f 127/127/127 94/94/94 105/105/105
f 105/105/105 94/94/94 129/129/129
f 94/94/94 94/94/94 129/129/129
f 129/129/129 94/94/94 128/128/128
f 94/94/94 129/129/129 128/128/128
f 128/128/128 129/129/129 130/130/130
f 129/129/129 128/128/128 130/130/130
f 130/130/130 128/128/128 94/94/94
f 128/128/128 94/94/94 94/94/94
f 94/94/94 94/94/94 96/96/96
f 94/94/94 130/130/130 96/96/96
f 96/96/96 130/130/130 96/96/96
f 130/130/130 115/115/115 96/96/96
f 96/96/96 115/115/115 130/130/130
f 115/115/115 93/93/93 130/130/130
f 130/130/130 93/93/93 106/106/106
f 93/93/93 87/87/87 106/106/106
f 106/106/106 87/87/87 96/96/96
f 87/87/87 112/112/112 96/96/96
f 96/96/96 112/112/112 116/116/116
f 112/112/112 101/101/101 116/116/116
f 116/116/116 101/101/101 131/131/131
f 101/101/101 113/113/113 131/131/131
f 131/131/131 113/113/113 113/113/113
f 113/113/113 103/103/103 113/113/113
f 113/113/113 103/103/103 101/101/101
f 103/103/103 131/131/131 101/101/101
f 101/101/101 131/131/131 101/101/101
f 131/131/131 99/99/99 101/101/101
f 101/101/101 99/99/99 132/132/132
f 99/99/99 133/133/133 132/132/132
f 132/132/132 133/133/133 134/134/134
f 133/133/133 134/134/134 134/134/134
f 134/134/134 134/134/134 135/135/135
f 134/134/134 132/132/132 135/135/135
f 135/135/135 132/132/132 132/132/132
f 132/132/132 135/135/135 132/132/132
f 132/132/132 135/135/135 136/136/136
f 135/135/135 136/136/136 136/136/136
f 136/136/136 136/136/136 137/137/137
f 136/136/136 132/132/132 137/137/137
f 137/137/137 132/132/132 132/132/132
f 132/132/132 137/137/137 132/132/132
f 132/132/132 137/137/137 138/138/138
f 137/137/137 139/139/139 138/138/138
f 138/138/138 139/139/139 140/140/140
f 139/139/139 141/141/141 140/140/140
f 140/140/140 141/141/141 141/141/141
f 141/141/141 142/142/142 141/141/141
f 141/141/141 142/142/142 139/139/139
f 142/142/142 133/133/133 139/139/139
f 139/139/139 133/133/133 143/143/143
f 133/133/133 144/144/144 143/143/143
f 143/143/143 144/144/144 144/144/144
f 144/144/144 134/134/134 144/144/144
f 144/144/144 134/134/134 133/133/133
f 134/134/134 142/142/142 133/133/133
f 133/133/133 142/142/142 144/144/144
f 142/142/142 143/143/143 144/144/144
f 144/144/144 143/143/143 143/143/143
f 143/143/143 139/139/139 143/143/143
f 143/143/143 139/139/139 142/142/142
f 139/139/139 143/143/143 142/142/142
f 142/142/142 143/143/143 145/145/145
f 143/143/143 146/146/146 145/145/145
f 145/145/145 146/146/146 146/146/146
f 146/146/146 139/139/139 146/146/146
f 146/146/146 139/139/139 143/143/143
f 139/139/139 133/133/133 143/143/143
f 143/143/143 133/133/133 145/145/145
f 133/133/133 143/143/143 145/145/145
f 145/145/145 143/143/143 146/146/146
f 143/143/143 147/147/147 146/146/146
f 146/146/146 147/147/147 140/140/140
f 147/147/147 140/140/140 140/140/140
f 140/140/140 140/140/140 139/139/139
f 140/140/140 146/146/146 139/139/139
f 139/139/139 146/146/146 148/148/148
f 146/146/146 145/145/145 148/148/148
f 148/148/148 145/145/145 149/149/149
f 145/145/145 147/147/147 149/149/149
f 149/149/149 147/147/147 146/146/146
f 147/147/147 148/148/148 146/146/146
f 146/146/146 148/148/148 150/150/150
f 148/148/148 151/151/151 150/150/150
f 150/150/150 151/151/151 145/145/145
f 151/151/151 145/145/145 145/145/145
f 145/145/145 145/145/145 133/133/133
f 145/145/145 150/150/150 133/133/133
f 133/133/133 150/150/150 150/150/150
f 150/150/150 133/133/133 150/150/150
f 150/150/150 133/133/133 152/152/152
f 133/133/133 153/153/153 152/152/152
f 152/152/152 153/153/153 154/154/154
f 153/153/153 155/155/155 154/154/154
f 154/154/154 155/155/155 155/155/155
f 155/155/155 156/156/156 155/155/155
f 155/155/155 156/156/156 153/153/153
f 156/156/156 157/157/157 153/153/153
f 153/153/153 157/157/157 158/158/158
f 157/157/157 159/159/159 158/158/158
f 158/158/158 159/159/159 159/159/159
f 159/159/159 160/160/160 159/159/159
f 159/159/159 160/160/160 157/157/157
f 160/160/160 161/161/161 157/157/157
f 157/157/157 161/161/161 162/162/162
f 161/161/161 157/157/157 162/162/162
f 162/162/162 157/157/157 157/157/157
f 157/157/157 160/160/160 157/157/157
f 157/157/157 160/160/160 161/161/161
f 160/160/160 154/154/154 161/161/161
f 161/161/161 154/154/154 163/163/163
f 154/154/154 164/164/164 163/163/163
f 163/163/163 164/164/164 164/164/164
f 164/164/164 165/165/165 164/164/164
f 164/164/164 165/165/165 154/154/154
f 165/165/165 166/166/166 154/154/154
f 154/154/154 166/166/166 167/167/167
f 166/166/166 168/168/168 167/167/167
f 167/167/167 168/168/168 168/168/168
f 168/168/168 169/169/169 168/168/168
f 168/168/168 169/169/169 166/166/166
f 169/169/169 167/167/167 166/166/166
f 166/166/166 167/167/167 170/170/170
f 167/167/167 171/171/171 170/170/170
f 170/170/170 171/171/171 171/171/171
f 171/171/171 168/168/168 171/171/171
f 171/171/171 168/168/168 167/167/167
f 168/168/168 172/172/172 167/167/167
f 167/167/167 172/172/172 173/173/173
f 172/172/172 153/153/153 173/173/173
f 173/173/173 153/153/153 170/170/170
f 153/153/153 164/164/164 170/170/170
f 170/170/170 164/164/164 163/163/163
f 164/164/164 163/163/163 163/163/163
f 163/163/163 163/163/163 171/171/171
f 163/163/163 170/170/170 171/171/171
f 171/171/171 170/170/170 159/159/159
f 170/170/170 158/158/158 159/159/159
f 159/159/159 158/158/158 174/174/174
f 158/158/158 174/174/174 174/174/174
f 174/174/174 174/174/174 173/173/173
f 174/174/174 159/159/159 173/173/173
f 173/173/173 159/159/159 175/175/175
f 159/159/159 172/172/172 175/175/175
f 175/175/175 172/172/172 153/153/153
f 172/172/172 153/153/153 153/153/153
f 153/153/153 153/153/153 156/156/156
f 153/153/153 175/175/175 156/156/156
f 156/156/156 175/175/175 176/176/176
f 175/175/175 177/177/177 176/176/176
f 176/176/176 177/177/177 178/178/178
f 177/177/177 178/178/178 178/178/178
f 178/178/178 178/178/178 179/179/179
f 178/178/178 176/176/176 179/179/179
f 179/179/179 176/176/176 161/161/161
f 176/176/176 160/160/160 161/161/161
f 161/161/161 160/160/160 180/180/180
f 160/160/160 180/180/180 180/180/180
f 180/180/180 180/180/180 181/181/181
f 180/180/180 161/161/161 181/181/181
f 181/181/181 161/161/161 179/179/179
f 161/161/161 178/178/178 179/179/179
f 179/179/179 178/178/178 182/182/182
f 178/178/178 182/182/182 182/182/182
f 182/182/182 182/182/182 183/183/183
f 182/182/182 179/179/179 183/183/183
f 183/183/183 179/179/179 184/184/184
f 179/179/179 180/180/180 184/184/184
f 184/184/184 180/180/180 160/160/160
f 180/180/180 160/160/160 160/160/160
f 160/160/160 160/160/160 159/159/159
f 160/160/160 184/184/184 159/159/159
f 159/159/159 184/184/184 159/159/159
f 184/184/184 173/173/173 159/159/159
f 159/159/159 173/173/173 177/177/177
f 173/173/173 177/177/177 177/177/177
f 177/177/177 177/177/177 184/184/184
f 177/177/177 159/159/159 184/184/184
f 184/184/184 159/159/159 154/154/154
f 159/159/159 165/165/165 154/154/154
f 154/154/154 165/165/165 185/185/185
f 165/165/165 185/185/185 185/185/185
f 185/185/185 185/185/185 155/155/155
f 185/185/185 154/154/154 155/155/155
f 155/155/155 154/154/154 179/179/179
f 154/154/154 186/186/186 179/179/179
f 179/179/179 186/186/186 187/187/187
f 186/186/186 187/187/187 187/187/187
f 187/187/187 187/187/187 176/176/176
f 187/187/187 179/179/179 176/176/176
f 176/176/176 179/179/179 188/188/188
f 179/179/179 189/189/189 188/188/188
f 188/188/188 189/189/189 176/176/176
f 189/189/189 176/176/176 176/176/176
f 176/176/176 176/176/176 187/187/187
f 176/176/176 188/188/188 187/187/187
f 187/187/187 188/188/188 190/190/190
f 188/188/188 191/191/191 190/190/190
f 190/190/190 191/191/191 192/192/192
f 191/191/191 192/192/192 192/192/192
f 192/192/192 192/192/192 193/193/193
f 192/192/192 190/190/190 193/193/193
f 193/193/193 190/190/190 189/189/189
f 190/190/190 188/188/188 189/189/189
f 189/189/189 188/188/188 190/190/190
f 188/188/188 190/190/190 190/190/190
f 190/190/190 190/190/190 193/193/193
f 190/190/190 189/189/189 193/193/193
f 193/193/193 189/189/189 154/154/154
f 189/189/189 153/153/153 154/154/154
f 154/154/154 153/153/153 174/174/174
f 153/153/153 194/194/194 174/174/174
f 174/174/174 194/194/194 156/156/156
f 194/194/194 155/155/155 156/156/156
f 156/156/156 155/155/155 194/194/194
f 155/155/155 195/195/195 194/194/194
f 194/194/194 195/195/195 156/156/156
f 195/195/195 196/196/196 156/156/156
f 156/156/156 196/196/196 197/197/197
f 196/196/196 155/155/155 197/197/197
f 197/197/197 155/155/155 155/155/155
f 155/155/155 185/185/185 155/155/155
f 155/155/155 185/185/185 196/196/196
f 185/185/185 183/183/183 196/196/196
f 196/196/196 183/183/183 182/182/182
f 183/183/183 198/198/198 182/182/182
f 182/182/182 198/198/198 198/198/198
f 198/198/198 199/199/199 198/198/198
f 198/198/198 199/199/199 183/183/183
f 199/199/199 183/183/183 183/183/183
f 183/183/183 183/183/183 200/200/200
f 183/183/183 186/186/186 200/200/200
f 200/200/200 186/186/186 186/186/186
f 186/186/186 179/179/179 186/186/186
f 186/186/186 179/179/179 183/183/183
f 179/179/179 183/183/183 183/183/183
f 183/183/183 183/183/183 199/199/199
f 183/183/183 201/201/201 199/199/199
f 199/199/199 201/201/201 201/201/201
f 201/201/201 200/200/200 201/201/201
f 201/201/201 200/200/200 183/183/183
f 200/200/200 164/164/164 183/183/183
f 183/183/183 164/164/164 150/150/150
f 164/164/164 152/152/152 150/150/150
f 150/150/150 152/152/152 152/152/152
f 152/152/152 165/165/165 152/152/152
f 152/152/152 165/165/165 164/164/164
f 165/165/165 170/170/170 164/164/164
f 164/164/164 170/170/170 151/151/151
f 170/170/170 150/150/150 151/151/151
f 151/151/151 150/150/150 150/150/150
f 150/150/150 164/164/164 150/150/150
f 150/150/150 164/164/164 170/170/170
f 164/164/164 167/167/167 170/170/170
f 170/170/170 167/167/167 149/149/149
f 167/167/167 151/151/151 149/149/149
f 149/149/149 151/151/151 151/151/151
f 151/151/151 170/170/170 151/151/151
f 151/151/151 170/170/170 167/167/167
f 170/170/170 165/165/165 167/167/167
f 167/167/167 165/165/165 152/152/152
f 165/165/165 138/138/138 152/152/152
f 152/152/152 138/138/138 138/138/138
f 138/138/138 185/185/185 138/138/138
f 138/138/138 185/185/185 165/165/165
f 185/185/185 138/138/138 165/165/165
f 165/165/165 138/138/138 202/202/202
f 138/138/138 196/196/196 202/202/202
f 202/202/202 196/196/196 196/196/196
f 196/196/196 185/185/185 196/196/196
f 196/196/196 185/185/185 138/138/138
f 185/185/185 167/167/167 138/138/138
f 138/138/138 167/167/167 166/166/166
f 167/167/167 203/203/203 166/166/166
f 166/166/166 203/203/203 203/203/203
f 203/203/203 149/149/149 203/203/203
f 203/203/203 149/149/149 167/167/167
f 149/149/149 166/166/166 167/167/167
f 167/167/167 166/166/166 204/204/204
f 166/166/166 203/203/203 204/204/204
f 204/204/204 203/203/203 205/205/205
f 203/203/203 206/206/206 205/205/205
f 205/205/205 206/206/206 202/202/202
f 206/206/206 202/202/202 202/202/202
f 202/202/202 202/202/202 138/138/138
f 202/202/202 205/205/205 138/138/138
f 138/138/138 205/205/205 207/207/207
f 205/205/205 208/208/208 207/207/207
f 207/207/207 208/208/208 209/209/209
f 208/208/208 209/209/209 209/209/209
f 209/209/209 209/209/209 204/204/204
f 209/209/209 207/207/207 204/204/204
f 204/204/204 207/207/207 209/209/209
f 207/207/207 210/210/210 209/209/209
f 209/209/209 210/210/210 203/203/203
f 210/210/210 203/203/203 203/203/203
f 203/203/203 203/203/203 204/204/204
f 203/203/203 209/209/209 204/204/204
f 204/204/204 209/209/209 203/203/203
f 209/209/209 148/148/148 203/203/203
f 203/203/203 148/148/148 149/149/149
f 148/148/148 203/203/203 149/149/149
f 149/149/149 203/203/203 210/210/210
f 203/203/203 148/148/148 210/210/210
f 210/210/210 148/148/148 210/210/210
f 148/148/148 147/147/147 210/210/210
f 210/210/210 147/147/147 148/148/148
f 147/147/147 148/148/148 148/148/148
f 148/148/148 148/148/148 146/146/146
f 148/148/148 145/145/145 146/146/146
f 146/146/146 145/145/145 145/145/145
f 145/145/145 151/151/151 145/145/145
f 145/145/145 151/151/151 149/149/149
f 151/151/151 138/138/138 149/149/149
f 149/149/149 138/138/138 152/152/152
f 138/138/138 132/132/132 152/152/152
f 152/152/152 132/132/132 120/120/120
f 132/132/132 118/118/118 120/120/120
f 120/120/120 118/118/118 71/71/71
f 118/118/118 81/81/81 71/71/71
f 71/71/71 81/81/81 71/71/71
f 81/81/81 118/118/118 71/71/71
f 71/71/71 118/118/118 77/77/77
f 118/118/118 123/123/123 77/77/77
f 77/77/77 123/123/123 76/76/76
f 123/123/123 77/77/77 76/76/76
f 76/76/76 77/77/77 85/85/85
f 77/77/77 78/78/78 85/85/85
f 85/85/85 78/78/78 57/57/57
f 78/78/78 53/53/53 57/57/57
f 57/57/57 53/53/53 211/211/211
f 53/53/53 211/211/211 211/211/211
f 211/211/211 211/211/211 53/53/53
f 211/211/211 55/55/55 53/53/53
f 53/53/53 55/55/55 115/115/115
f 55/55/55 96/96/96 115/115/115
f 115/115/115 96/96/96 116/116/116
f 96/96/96 195/195/195 116/116/116
f 116/116/116 195/195/195 175/175/175
f 195/195/195 156/156/156 175/175/175
f 175/175/175 156/156/156 173/173/173
f 156/156/156 174/174/174 173/173/173
f 173/173/173 174/174/174 153/153/153
f 174/174/174 24/24/24 153/153/153
f 153/153/153 24/24/24 49/49/49
f 24/24/24 9/9/9 49/49/49
f 49/49/49 9/9/9 23/23/23
f 9/9/9 14/14/14 23/23/23
f 23/23/23 14/14/14 35/35/35
f 14/14/14 138/138/138 35/35/35
f 35/35/35 138/138/138 137/137/137
f 138/138/138 212/212/212 137/137/137
f 137/137/137 212/212/212 212/212/212
f 212/212/212 213/213/213 212/212/212
f 212/212/212 213/213/213 138/138/138
f 213/213/213 33/33/33 138/138/138
f 138/138/138 33/33/33 62/62/62
f 33/33/33 37/37/37 62/62/62
f 62/62/62 37/37/37 89/89/89
f 37/37/37 82/82/82 89/89/89
f 89/89/89 82/82/82 91/91/91
f 82/82/82 48/48/48 91/91/91
f 91/91/91 48/48/48 41/41/41
f 48/48/48 33/33/33 41/41/41
f 41/41/41 33/33/33 38/38/38
f 33/33/33 41/41/41 38/38/38
f 38/38/38 41/41/41 48/48/48
f 41/41/41 133/133/133 48/48/48
f 48/48/48 133/133/133 132/132/132
f 133/133/133 152/152/152 132/132/132
f 132/132/132 152/152/152 127/127/127
f 152/152/152 86/86/86 127/127/127
f 127/127/127 86/86/86 129/129/129
f 86/86/86 129/129/129 129/129/129
f 129/129/129 129/129/129 128/128/128
f 129/129/129 127/127/127 128/128/128
f 128/128/128 127/127/127 129/129/129
f 127/127/127 86/86/86 129/129/129
f 129/129/129 86/86/86 105/105/105
f 86/86/86 86/86/86 105/105/105
f 105/105/105 86/86/86 87/87/87
f 86/86/86 105/105/105 87/87/87
f 87/87/87 105/105/105 94/94/94
f 105/105/105 105/105/105 94/94/94
f 94/94/94 105/105/105 95/95/95
f 105/105/105 64/64/64 95/95/95
f 95/95/95 64/64/64 63/63/63
f 64/64/64 15/15/15 63/63/63
f 63/63/63 15/15/15 65/65/65
f 15/15/15 46/46/46 65/65/65
f 65/65/65 46/46/46 63/63/63
f 46/46/46 86/86/86 63/63/63
f 63/63/63 86/86/86 127/127/127
f 86/86/86 78/78/78 127/127/127
f 127/127/127 78/78/78 85/85/85
f 78/78/78 84/84/84 85/85/85
f 85/85/85 84/84/84 87/87/87
f 84/84/84 114/114/114 87/87/87
f 87/87/87 114/114/114 131/131/131
f 114/114/114 99/99/99 131/131/131
f 131/131/131 99/99/99 205/205/205
f 99/99/99 138/138/138 205/205/205
f 205/205/205 138/138/138 213/213/213
f 138/138/138 177/177/177 213/213/213
f 213/213/213 177/177/177 173/173/173
f 177/177/177 172/172/172 173/173/173
f 173/173/173 172/172/172 172/172/172
f 172/172/172 178/178/178 172/172/172
f 172/172/172 178/178/178 177/177/177
f 178/178/178 193/193/193 177/177/177
f 177/177/177 193/193/193 192/192/192
f 193/193/193 181/181/181 192/192/192
f 192/192/192 181/181/181 181/181/181
f 181/181/181 180/180/180 181/181/181
f 181/181/181 180/180/180 193/193/193
f 180/180/180 172/172/172 193/193/193
f 193/193/193 172/172/172 175/175/175
f 172/172/172 182/182/182 175/175/175
f 175/175/175 182/182/182 182/182/182
f 182/182/182 178/178/178 182/182/182
f 182/182/182 178/178/178 172/172/172
f 178/178/178 189/189/189 172/172/172
f 172/172/172 189/189/189 193/193/193
f 189/189/189 180/180/180 193/193/193
f 193/193/193 180/180/180 180/180/180
f 180/180/180 184/184/184 180/180/180
f 180/180/180 184/184/184 189/189/189
f 184/184/184 176/176/176 189/189/189
f 189/189/189 176/176/176 189/189/189
f 176/176/176 184/184/184 189/189/189
f 189/189/189 184/184/184 184/184/184
f 184/184/184 177/177/177 184/184/184
f 184/184/184 177/177/177 176/176/176
f 177/177/177 182/182/182 176/176/176
f 176/176/176 182/182/182 175/175/175
f 182/182/182 195/195/195 175/175/175
f 175/175/175 195/195/195 195/195/195
f 195/195/195 198/198/198 195/195/195
f 195/195/195 198/198/198 182/182/182
f 198/198/198 154/154/154 182/182/182
f 182/182/182 154/154/154 174/174/174
f 154/154/154 163/163/163 174/174/174
f 174/174/174 163/163/163 163/163/163
f 163/163/163 174/174/174 163/163/163
f 163/163/163 174/174/174 158/158/158
f 174/174/174 158/158/158 158/158/158
f 158/158/158 158/158/158 171/171/171
f 158/158/158 163/163/163 171/171/171
f 171/171/171 163/163/163 171/171/171
f 163/163/163 158/158/158 171/171/171
f 171/171/171 158/158/158 157/157/157
f 158/158/158 157/157/157 157/157/157
f 157/157/157 157/157/157 168/168/168
f 157/157/157 171/171/171 168/168/168
f 168/168/168 171/171/171 157/157/157
f 171/171/171 162/162/162 157/157/157
f 157/157/157 162/162/162 169/169/169
f 162/162/162 169/169/169 169/169/169
f 169/169/169 169/169/169 168/168/168
f 169/169/169 157/157/157 168/168/168
f 168/168/168 157/157/157 197/197/197
f 157/157/157 194/194/194 197/197/197
f 197/197/197 194/194/194 155/155/155
f 194/194/194 214/214/214 155/155/155
f 155/155/155 214/214/214 136/136/136
f 214/214/214 215/215/215 136/136/136
f 136/136/136 215/215/215 135/135/135
f 215/215/215 134/134/134 135/135/135
f 135/135/135 134/134/134 216/216/216
f 134/134/134 216/216/216 216/216/216
f 216/216/216 216/216/216 217/217/217
f 216/216/216 135/135/135 217/217/217
f 217/217/217 135/135/135 216/216/216
f 135/135/135 134/134/134 216/216/216
f 216/216/216 134/134/134 144/144/144
f 134/134/134 144/144/144 144/144/144
f 144/144/144 144/144/144 218/218/218
f 144/144/144 216/216/216 218/218/218
f 218/218/218 216/216/216 218/218/218
f 216/216/216 144/144/144 218/218/218
f 218/218/218 144/144/144 142/142/142
f 144/144/144 142/142/142 142/142/142
f 142/142/142 142/142/142 219/219/219
f 142/142/142 218/218/218 219/219/219
f 219/219/219 218/218/218 142/142/142
f 218/218/218 141/141/141 142/142/142
f 142/142/142 141/141/141 220/220/220
f 141/141/141 220/220/220 220/220/220
f 220/220/220 220/220/220 219/219/219
f 220/220/220 142/142/142 219/219/219
f 219/219/219 142/142/142 136/136/136
f 142/142/142 135/135/135 136/136/136
f 136/136/136 135/135/135 217/217/217
f 135/135/135 217/217/217 217/217/217
f 217/217/217 217/217/217 215/215/215
f 217/217/217 136/136/136 215/215/215
f 215/215/215 136/136/136 43/43/43
f 136/136/136 7/7/7 43/43/43
f 43/43/43 7/7/7 6/6/6
f 7/7/7 37/37/37 6/6/6
f 6/6/6 37/37/37 221/221/221
f 37/37/37 43/43/43 221/221/221
f 221/221/221 43/43/43 222/222/222
f 43/43/43 223/223/223 222/222/222
f 222/222/222 223/223/223 224/224/224
f 223/223/223 224/224/224 224/224/224
f 224/224/224 224/224/224 225/225/225
f 224/224/224 222/222/222 225/225/225
f 225/225/225 222/222/222 226/226/226
f 222/222/222 227/227/227 226/226/226
f 226/226/226 227/227/227 228/228/228
f 227/227/227 228/228/228 228/228/228
f 228/228/228 228/228/228 229/229/229
f 228/228/228 226/226/226 229/229/229
f 229/229/229 226/226/226 226/226/226
f 226/226/226 222/222/222 226/226/226
f 226/226/226 222/222/222 225/225/225
f 222/222/222 225/225/225 225/225/225
f 225/225/225 225/225/225 227/227/227
f 225/225/225 226/226/226 227/227/227
f 227/227/227 226/226/226 230/230/230
f 226/226/226 231/231/231 230/230/230
f 230/230/230 231/231/231 232/232/232
f 231/231/231 232/232/232 232/232/232
f 232/232/232 232/232/232 233/233/233
f 232/232/232 230/230/230 233/233/233
f 233/233/233 230/230/230 234/234/234
f 230/230/230 235/235/235 234/234/234
f 234/234/234 235/235/235 236/236/236
f 235/235/235 16/16/16 236/236/236
f 236/236/236 16/16/16 232/232/232
f 16/16/16 237/237/237 232/232/232
f 232/232/232 237/237/237 237/237/237
f 237/237/237 17/17/17 237/237/237
f 237/237/237 17/17/17 16/16/16
f 17/17/17 231/231/231 16/16/16
f 16/16/16 231/231/231 238/238/238
f 231/231/231 237/237/237 238/238/238
f 238/238/238 237/237/237 237/237/237
f 237/237/237 232/232/232 237/237/237
f 237/237/237 232/232/232 231/231/231
f 232/232/232 238/238/238 231/231/231
f 231/231/231 238/238/238 239/239/239
f 238/238/238 240/240/240 239/239/239
f 239/239/239 240/240/240 240/240/240
f 240/240/240 241/241/241 240/240/240
f 240/240/240 241/241/241 238/238/238
f 241/241/241 242/242/242 238/238/238
f 238/238/238 242/242/242 243/243/243
f 242/242/242 244/244/244 243/243/243
f 243/243/243 244/244/244 244/244/244
f 244/244/244 245/245/245 244/244/244
f 244/244/244 245/245/245 242/242/242
f 245/245/245 241/241/241 242/242/242
f 242/242/242 241/241/241 27/27/27
f 241/241/241 17/17/17 27/27/27
f 27/27/27 17/17/17 17/17/17
f 17/17/17 237/237/237 17/17/17
f 17/17/17 237/237/237 241/241/241
f 237/237/237 27/27/27 241/241/241
f 241/241/241 27/27/27 241/241/241
f 27/27/27 246/246/246 241/241/241
f 241/241/241 246/246/246 246/246/246
f 246/246/246 28/28/28 246/246/246
f 246/246/246 28/28/28 27/27/27
f 28/28/28 30/30/30 27/27/27
f 27/27/27 30/30/30 31/31/31
f 30/30/30 223/223/223 31/31/31
f 31/31/31 223/223/223 223/223/223
f 223/223/223 233/233/233 223/223/223
f 223/223/223 233/233/233 30/30/30
f 233/233/233 247/247/247 30/30/30
f 30/30/30 247/247/247 248/248/248
f 247/247/247 249/249/249 248/248/248
f 248/248/248 249/249/249 242/242/242
f 249/249/249 250/250/250 242/242/242
f 242/242/242 250/250/250 251/251/251
f 250/250/250 232/232/232 251/251/251
f 251/251/251 232/232/232 16/16/16
f 232/232/232 30/30/30 16/16/16
f 16/16/16 30/30/30 30/30/30
f 30/30/30 233/233/233 30/30/30
f 30/30/30 233/233/233 232/232/232
f 233/233/233 244/244/244 232/232/232
f 232/232/232 244/244/244 230/230/230
f 244/244/244 245/245/245 230/230/230
f 230/230/230 245/245/245 229/229/229
f 245/245/245 37/37/37 229/229/229
f 229/229/229 37/37/37 249/249/249
f 37/37/37 252/252/252 249/249/249
f 249/249/249 252/252/252 253/253/253
f 252/252/252 40/40/40 253/253/253
f 253/253/253 40/40/40 40/40/40
f 40/40/40 39/39/39 40/40/40
f 40/40/40 39/39/39 252/252/252
f 39/39/39 31/31/31 252/252/252
f 252/252/252 31/31/31 42/42/42
f 31/31/31 224/224/224 42/42/42
f 42/42/42 224/224/224 224/224/224
f 224/224/224 223/223/223 224/224/224
f 224/224/224 223/223/223 31/31/31
f 223/223/223 229/229/229 31/31/31
f 31/31/31 229/229/229 254/254/254
f 229/229/229 37/37/37 254/254/254
f 254/254/254 37/37/37 255/255/255
f 37/37/37 256/256/256 255/255/255
f 255/255/255 256/256/256 252/252/252
f 256/256/256 255/255/255 252/252/252
f 252/252/252 255/255/255 257/257/257
f 255/255/255 258/258/258 257/257/257
f 257/257/257 258/258/258 235/235/235
f 258/258/258 247/247/247 235/235/235
f 235/235/235 247/247/247 259/259/259
f 247/247/247 247/247/247 259/259/259
f 259/259/259 247/247/247 251/251/251
f 247/247/247 248/248/248 251/251/251
f 251/251/251 248/248/248 229/229/229
f 248/248/248 249/249/249 229/229/229
f 229/229/229 249/249/249 248/248/248
f 249/249/249 248/248/248 248/248/248
f 248/248/248 248/248/248 250/250/250
f 248/248/248 229/229/229 250/250/250
f 250/250/250 229/229/229 243/243/243
f 229/229/229 242/242/242 243/243/243
f 243/243/243 242/242/242 236/236/236
f 242/242/242 260/260/260 236/236/236
f 236/236/236 260/260/260 233/233/233
f 260/260/260 223/223/223 233/233/233
f 233/233/233 223/223/223 245/245/245
f 223/223/223 260/260/260 245/245/245
f 245/245/245 260/260/260 223/223/223
f 260/260/260 229/229/229 223/223/223
f 223/223/223 229/229/229 250/250/250
f 229/229/229 242/242/242 250/250/250
f 250/250/250 242/242/242 242/242/242
f 242/242/242 226/226/226 242/242/242
f 242/242/242 226/226/226 229/229/229
f 226/226/226 255/255/255 229/229/229
f 229/229/229 255/255/255 261/261/261
f 255/255/255 262/262/262 261/261/261
f 261/261/261 262/262/262 252/252/252
f 262/262/262 39/39/39 252/252/252
f 252/252/252 39/39/39 261/261/261
f 39/39/39 39/39/39 261/261/261
f 261/261/261 39/39/39 52/52/52
f 39/39/39 261/261/261 52/52/52
f 52/52/52 261/261/261 262/262/262
f 261/261/261 257/257/257 262/262/262
f 262/262/262 257/257/257 255/255/255
f 257/257/257 263/263/263 255/255/255
f 255/255/255 263/263/263 264/264/264
f 263/263/263 265/265/265 264/264/264
f 264/264/264 265/265/265 263/263/263
f 265/265/265 257/257/257 263/263/263
f 263/263/263 257/257/257 266/266/266
f 257/257/257 267/267/267 266/266/266
f 266/266/266 267/267/267 262/262/262
f 267/267/267 268/268/268 262/262/262
f 262/262/262 268/268/268 52/52/52
f 268/268/268 268/268/268 52/52/52
f 52/52/52 268/268/268 262/262/262
f 268/268/268 52/52/52 262/262/262
f 262/262/262 52/52/52 59/59/59
f 52/52/52 268/268/268 59/59/59
f 59/59/59 268/268/268 269/269/269
f 268/268/268 258/258/258 269/269/269
f 269/269/269 258/258/258 257/257/257
f 258/258/258 269/269/269 257/257/257
f 257/257/257 269/269/269 263/263/263
f 269/269/269 265/265/265 263/263/263
f 263/263/263 265/265/265 259/259/259
f 265/265/265 247/247/247 259/259/259
f 259/259/259 247/247/247 249/249/249
f 247/247/247 248/248/248 249/249/249
f 249/249/249 248/248/248 251/251/251
f 248/248/248 250/250/250 251/251/251
f 251/251/251 250/250/250 240/240/240
f 250/250/250 270/270/270 240/240/240
f 240/240/240 270/270/270 241/241/241
f 270/270/270 238/238/238 241/241/241
f 241/241/241 238/238/238 241/241/241
f 238/238/238 237/237/237 241/241/241
f 241/241/241 237/237/237 262/262/262
f 237/237/237 266/266/266 262/262/262
f 262/262/262 266/266/266 257/257/257
f 266/266/266 246/246/246 257/257/257
f 257/257/257 246/246/246 241/241/241
f 246/246/246 270/270/270 241/241/241
f 241/241/241 270/270/270 260/260/260
f 270/270/270 230/230/230 260/260/260
f 260/260/260 230/230/230 233/233/233
f 230/230/230 249/249/249 233/233/233
f 233/233/233 249/249/249 62/62/62
f 249/249/249 40/40/40 62/62/62
f 62/62/62 40/40/40 40/40/40
f 40/40/40 253/253/253 40/40/40
f 40/40/40 253/253/253 249/249/249
f 253/253/253 252/252/252 249/249/249
f 249/249/249 252/252/252 271/271/271
f 252/252/252 259/259/259 271/271/271
f 271/271/271 259/259/259 255/255/255
f 259/259/259 252/252/252 255/255/255
f 255/255/255 252/252/252 261/261/261
f 252/252/252 258/258/258 261/261/261
f 261/261/261 258/258/258 256/256/256
f 258/258/258 255/255/255 256/256/256
f 256/256/256 255/255/255 261/261/261
f 255/255/255 52/52/52 261/261/261
f 261/261/261 52/52/52 262/262/262
f 52/52/52 263/263/263 262/262/262
f 262/262/262 263/263/263 266/266/266
f 263/263/263 267/267/267 266/266/266
f 266/266/266 267/267/267 266/266/266
f 267/267/267 262/262/262 266/266/266
f 266/266/266 262/262/262 267/267/267
f 262/262/262 263/263/263 267/267/267
f 267/267/267 263/263/263 269/269/269
f 263/263/263 257/257/257 269/269/269
f 269/269/269 257/257/257 247/247/247
f 257/257/257 235/235/235 247/247/247
f 247/247/247 235/235/235 234/234/234
f 235/235/235 252/252/252 234/234/234
f 234/234/234 252/252/252 256/256/256
f 252/252/252 271/271/271 256/256/256
f 256/256/256 271/271/271 256/256/256
f 271/271/271 258/258/258 256/256/256
f 256/256/256 258/258/258 271/271/271
f 258/258/258 247/247/247 271/271/271
f 271/271/271 247/247/247 234/234/234
f 247/247/247 251/251/251 234/234/234
f 234/234/234 251/251/251 234/234/234
f 251/251/251 236/236/236 234/234/234
f 234/234/234 236/236/236 251/251/251
f 236/236/236 259/259/259 251/251/251
f 251/251/251 259/259/259 271/271/271
f 259/259/259 235/235/235 271/271/271
f 271/271/271 235/235/235 272/272/272
f 235/235/235 271/271/271 272/272/272
f 272/272/272 271/271/271 273/273/273
f 271/271/271 274/274/274 273/273/273
f 273/273/273 274/274/274 238/238/238
f 274/274/274 231/231/231 238/238/238
f 238/238/238 231/231/231 231/231/231
f 231/231/231 275/275/275 231/231/231
f 231/231/231 275/275/275 274/274/274
f 275/275/275 276/276/276 274/274/274
f 274/274/274 276/276/276 235/235/235
f 276/276/276 272/272/272 235/235/235
f 235/235/235 272/272/272 277/277/277
f 272/272/272 273/273/273 277/277/277
f 277/277/277 273/273/273 258/258/258
f 273/273/273 258/258/258 258/258/258
f 258/258/258 258/258/258 269/269/269
f 258/258/258 277/277/277 269/269/269
f 269/269/269 277/277/277 231/231/231
f 277/277/277 230/230/230 231/231/231
f 231/231/231 230/230/230 275/275/275
f 230/230/230 274/274/274 275/275/275
f 275/275/275 274/274/274 278/278/278
f 274/274/274 239/239/239 278/278/278
f 278/278/278 239/239/239 239/239/239
f 239/239/239 238/238/238 239/239/239
f 239/239/239 238/238/238 274/274/274
f 238/238/238 244/244/244 274/274/274
f 274/274/274 244/244/244 275/275/275
f 244/244/244 230/230/230 275/275/275
f 275/275/275 230/230/230 236/236/236
f 230/230/230 235/235/235 236/236/236
f 236/236/236 235/235/235 276/276/276
f 235/235/235 223/223/223 276/276/276
f 276/276/276 223/223/223 222/222/222
f 223/223/223 245/245/245 222/222/222
f 222/222/222 245/245/245 222/222/222
f 245/245/245 226/226/226 222/222/222
f 222/222/222 226/226/226 242/242/242
f 226/226/226 242/242/242 242/242/242
f 242/242/242 242/242/242 245/245/245
f 242/242/242 222/222/222 245/245/245
f 245/245/245 222/222/222 279/279/279
f 222/222/222 280/280/280 279/279/279
f 279/279/279 280/280/280 281/281/281
f 280/280/280 281/281/281 281/281/281
f 281/281/281 281/281/281 282/282/282
f 281/281/281 279/279/279 282/282/282
f 282/282/282 279/279/279 283/283/283
f 279/279/279 281/281/281 283/283/283
f 283/283/283 281/281/281 280/280/280
f 281/281/281 280/280/280 280/280/280
f 280/280/280 280/280/280 284/284/284
f 280/280/280 283/283/283 284/284/284
f 284/284/284 283/283/283 285/285/285
f 283/283/283 283/283/283 285/285/285
f 285/285/285 283/283/283 284/284/284
f 283/283/283 285/285/285 284/284/284
f 284/284/284 285/285/285 286/286/286
f 285/285/285 287/287/287 286/286/286
f 286/286/286 287/287/287 288/288/288
f 287/287/287 289/289/289 288/288/288
f 288/288/288 289/289/289 290/290/290
f 289/289/289 290/290/290 290/290/290
f 290/290/290 290/290/290 282/282/282
f 290/290/290 288/288/288 282/282/282
f 282/282/282 288/288/288 291/291/291
f 288/288/288 288/288/288 291/291/291
f 291/291/291 288/288/288 282/282/282
f 288/288/288 282/282/282 282/282/282
f 282/282/282 282/282/282 281/281/281
f 282/282/282 291/291/291 281/281/281
f 281/281/281 291/291/291 292/292/292
f 291/291/291 291/291/291 292/292/292
f 292/292/292 291/291/291 281/281/281
f 291/291/291 281/281/281 281/281/281
f 281/281/281 281/281/281 283/283/283
f 281/281/281 292/292/292 283/283/283
f 283/283/283 292/292/292 293/293/293
f 292/292/292 292/292/292 293/293/293
f 293/293/293 292/292/292 283/283/283
f 292/292/292 283/283/283 283/283/283
f 283/283/283 283/283/283 285/285/285
f 283/283/283 293/293/293 285/285/285
f 285/285/285 293/293/293 294/294/294
f 293/293/293 295/295/295 294/294/294
f 294/294/294 295/295/295 293/293/293
f 295/295/295 296/296/296 293/293/293
f 293/293/293 296/296/296 297/297/297
f 296/296/296 289/289/289 297/297/297
f 297/297/297 289/289/289 289/289/289
f 289/289/289 288/288/288 289/289/289
f 289/289/289 288/288/288 296/296/296
f 288/288/288 293/293/293 296/296/296
f 296/296/296 293/293/293 287/287/287
f 293/293/293 294/294/294 287/287/287
f 287/287/287 294/294/294 298/298/298
f 294/294/294 299/299/299 298/298/298
f 298/298/298 299/299/299 297/297/297
f 299/299/299 300/300/300 297/297/297
f 297/297/297 300/300/300 299/299/299
f 300/300/300 298/298/298 299/299/299
f 299/299/299 298/298/298 296/296/296
f 298/298/298 288/288/288 296/296/296
f 296/296/296 288/288/288 291/291/291
f 288/288/288 291/291/291 291/291/291
f 291/291/291 291/291/291 301/301/301
f 291/291/291 296/296/296 301/301/301
f 301/301/301 296/296/296 295/295/295
f 296/296/296 301/301/301 295/295/295
f 295/295/295 301/301/301 291/291/291
f 301/301/301 291/291/291 291/291/291
f 291/291/291 291/291/291 292/292/292
f 291/291/291 295/295/295 292/292/292
f 292/292/292 295/295/295 302/302/302
f 295/295/295 303/303/303 302/302/302
f 302/302/302 303/303/303 304/304/304
f 303/303/303 305/305/305 304/304/304
f 304/304/304 305/305/305 306/306/306
f 305/305/305 307/307/307 306/306/306
f 306/306/306 307/307/307 307/307/307
f 307/307/307 308/308/308 307/307/307
f 307/307/307 308/308/308 305/305/305
f 308/308/308 309/309/309 305/305/305
f 305/305/305 309/309/309 307/307/307
f 309/309/309 306/306/306 307/307/307
f 307/307/307 306/306/306 306/306/306
f 306/306/306 310/310/310 306/306/306
f 306/306/306 310/310/310 309/309/309
f 310/310/310 309/309/309 309/309/309
f 309/309/309 309/309/309 310/310/310
f 309/309/309 311/311/311 310/310/310
f 310/310/310 311/311/311 311/311/311
f 311/311/311 312/312/312 311/311/311
f 311/311/311 312/312/312 309/309/309
f 312/312/312 313/313/313 309/309/309
f 309/309/309 313/313/313 304/304/304
f 313/313/313 314/314/314 304/304/304
f 304/304/304 314/314/314 314/314/314
f 314/314/314 315/315/315 314/314/314
f 314/314/314 315/315/315 313/313/313
f 315/315/315 311/311/311 313/313/313
f 313/313/313 311/311/311 296/296/296
f 311/311/311 301/301/301 296/296/296
f 296/296/296 301/301/301 301/301/301
f 301/301/301 315/315/315 301/301/301
f 301/301/301 315/315/315 311/311/311
f 315/315/315 296/296/296 311/311/311
f 311/311/311 296/296/296 311/311/311
f 296/296/296 310/310/310 311/311/311
f 311/311/311 310/310/310 310/310/310
f 310/310/310 297/297/297 310/310/310
f 310/310/310 297/297/297 296/296/296
f 297/297/297 297/297/297 296/296/296
f 296/296/296 297/297/297 310/310/310
f 297/297/297 306/306/306 310/310/310
f 310/310/310 306/306/306 306/306/306
f 306/306/306 298/298/298 306/306/306
f 306/306/306 298/298/298 297/297/297
f 298/298/298 305/305/305 297/297/297
f 297/297/297 305/305/305 298/298/298
f 305/305/305 306/306/306 298/298/298
f 298/298/298 306/306/306 314/314/314
f 306/306/306 304/304/304 314/314/314
f 314/314/314 304/304/304 316/316/316
f 304/304/304 317/317/317 316/316/316
f 316/316/316 317/317/317 308/308/308
f 317/317/317 307/307/307 308/308/308
f 308/308/308 307/307/307 312/312/312
f 307/307/307 314/314/314 312/312/312
f 312/312/312 314/314/314 316/316/316
f 314/314/314 318/318/318 316/316/316
f 316/316/316 318/318/318 319/319/319
f 318/318/318 316/316/316 319/319/319
f 319/319/319 316/316/316 316/316/316
f 316/316/316 304/304/304 316/316/316
f 316/316/316 304/304/304 318/318/318
f 304/304/304 304/304/304 318/318/318
f 318/318/318 304/304/304 303/303/303
f 304/304/304 320/320/320 303/303/303
f 303/303/303 320/320/320 320/320/320
f 320/320/320 318/318/318 320/320/320
f 320/320/320 318/318/318 304/304/304
f 318/318/318 316/316/316 304/304/304
f 304/304/304 316/316/316 319/319/319
f 316/316/316 321/321/321 319/319/319
f 319/319/319 321/321/321 321/321/321
f 321/321/321 312/312/312 321/321/321
f 321/321/321 312/312/312 316/316/316
f 312/312/312 322/322/322 316/316/316
f 316/316/316 322/322/322 317/317/317
f 322/322/322 307/307/307 317/317/317
f 317/317/317 307/307/307 323/323/323
f 307/307/307 324/324/324 323/323/323
f 323/323/323 324/324/324 325/325/325
f 324/324/324 282/282/282 325/325/325
f 325/325/325 282/282/282 290/290/290
f 282/282/282 279/279/279 290/290/290
f 290/290/290 279/279/279 290/290/290
f 279/279/279 326/326/326 290/290/290
f 290/290/290 326/326/326 327/327/327
f 326/326/326 280/280/280 327/327/327
f 327/327/327 280/280/280 279/279/279
f 280/280/280 328/328/328 279/279/279
f 279/279/279 328/328/328 328/328/328
f 328/328/328 329/329/329 328/328/328
f 328/328/328 329/329/329 280/280/280
f 329/329/329 330/330/330 280/280/280
f 280/280/280 330/330/330 284/284/284
f 330/330/330 280/280/280 284/284/284
f 284/284/284 280/280/280 280/280/280
f 280/280/280 329/329/329 280/280/280
f 280/280/280 329/329/329 330/330/330
f 329/329/329 330/330/330 330/330/330
f 330/330/330 330/330/330 331/331/331
f 330/330/330 284/284/284 331/331/331
f 331/331/331 284/284/284 331/331/331
f 284/284/284 286/286/286 331/331/331
f 331/331/331 286/286/286 285/285/285
f 286/286/286 332/332/332 285/285/285
f 285/285/285 332/332/332 326/326/326
f 332/332/332 290/290/290 326/326/326
f 326/326/326 290/290/290 290/290/290
f 290/290/290 289/289/289 290/290/290
f 290/290/290 289/289/289 332/332/332
f 289/289/289 300/300/300 332/332/332
f 332/332/332 300/300/300 332/332/332
f 300/300/300 299/299/299 332/332/332
f 332/332/332 299/299/299 287/287/287
f 299/299/299 286/286/286 287/287/287
f 287/287/287 286/286/286 333/333/333
f 286/286/286 332/332/332 333/333/333
f 333/333/333 332/332/332 289/289/289
f 332/332/332 299/299/299 289/289/289
f 289/289/289 299/299/299 287/287/287
f 299/299/299 333/333/333 287/287/287
f 287/287/287 333/333/333 334/334/334
f 333/333/333 334/334/334 334/334/334
f 334/334/334 334/334/334 335/335/335
f 334/334/334 287/287/287 335/335/335
f 335/335/335 287/287/287 295/295/295
f 287/287/287 313/313/313 295/295/295
f 295/295/295 313/313/313 315/315/315
f 313/313/313 315/315/315 315/315/315
f 315/315/315 315/315/315 314/314/314
f 315/315/315 312/312/312 314/314/314
f 314/314/314 312/312/312 312/312/312
f 312/312/312 311/311/311 312/312/312
f 312/312/312 311/311/311 315/315/315
f 311/311/311 336/336/336 315/315/315
f 315/315/315 336/336/336 335/335/335
f 336/336/336 334/334/334 335/335/335
f 335/335/335 334/334/334 313/313/313
f 334/334/334 337/337/337 313/313/313
f 313/313/313 337/337/337 302/302/302
f 337/337/337 302/302/302 302/302/302
f 302/302/302 302/302/302 337/337/337
f 302/302/302 336/336/336 337/337/337
f 337/337/337 336/336/336 338/338/338
f 336/336/336 302/302/302 338/338/338
f 338/338/338 302/302/302 336/336/336
f 302/302/302 302/302/302 336/336/336
f 336/336/336 302/302/302 338/338/338
f 302/302/302 303/303/303 338/338/338
f 338/338/338 303/303/303 303/303/303
f 303/303/303 338/338/338 303/303/303
f 303/303/303 338/338/338 323/323/323
f 338/338/338 301/301/301 323/323/323
f 323/323/323 301/301/301 295/295/295
f 301/301/301 315/315/315 295/295/295
f 295/295/295 315/315/315 303/303/303
f 315/315/315 325/325/325 303/303/303
f 303/303/303 325/325/325 320/320/320
f 325/325/325 309/309/309 320/320/320
f 320/320/320 309/309/309 312/312/312
f 309/309/309 321/321/321 312/312/312
f 312/312/312 321/321/321 321/321/321
f 321/321/321 339/339/339 321/321/321
f 321/321/321 339/339/339 309/309/309
f 339/339/339 339/339/339 309/309/309
f 309/309/309 339/339/339 307/307/307
f 339/339/339 309/309/309 307/307/307
f 307/307/307 309/309/309 340/340/340
f 309/309/309 341/341/341 340/340/340
f 340/340/340 341/341/341 342/342/342
f 341/341/341 342/342/342 342/342/342
f 342/342/342 342/342/342 343/343/343
f 342/342/342 340/340/340 343/343/343
f 343/343/343 340/340/340 340/340/340
f 340/340/340 137/137/137 340/340/340
f 340/340/340 137/137/137 136/136/136
f 137/137/137 136/136/136 136/136/136
f 136/136/136 136/136/136 341/341/341
f 136/136/136 340/340/340 341/341/341
f 341/341/341 340/340/340 340/340/340
f 340/340/340 344/344/344 340/340/340
f 340/340/340 344/344/344 137/137/137
f 344/344/344 345/345/345 137/137/137
f 137/137/137 345/345/345 346/346/346
f 345/345/345 141/141/141 346/346/346
f 346/346/346 141/141/141 141/141/141
f 141/141/141 140/140/140 141/141/141
f 141/141/141 140/140/140 345/345/345
f 140/140/140 343/343/343 345/345/345
f 345/345/345 343/343/343 342/342/342
f 343/343/343 347/347/347 342/342/342
f 342/342/342 347/347/347 347/347/347
f 347/347/347 348/348/348 347/347/347
f 347/347/347 348/348/348 343/343/343
f 348/348/348 346/346/346 343/343/343
f 343/343/343 346/346/346 345/345/345
f 346/346/346 348/348/348 345/345/345
f 345/345/345 348/348/348 348/348/348
f 348/348/348 347/347/347 348/348/348
f 348/348/348 347/347/347 346/346/346
f 347/347/347 348/348/348 346/346/346
f 346/346/346 348/348/348 345/345/345
f 348/348/348 349/349/349 345/345/345
f 345/345/345 349/349/349 349/349/349
f 349/349/349 350/350/350 349/349/349
f 349/349/349 350/350/350 348/348/348
f 350/350/350 343/343/343 348/348/348
f 348/348/348 343/343/343 348/348/348
f 343/343/343 350/350/350 348/348/348
f 348/348/348 350/350/350 349/349/349
f 350/350/350 345/345/345 349/349/349
f 349/349/349 345/345/345 140/140/140
f 345/345/345 140/140/140 140/140/140
f 140/140/140 140/140/140 147/147/147
f 140/140/140 349/349/349 147/147/147
f 147/147/147 349/349/349 351/351/351
f 349/349/349 352/352/352 351/351/351
f 351/351/351 352/352/352 350/350/350
f 352/352/352 147/147/147 350/350/350
f 350/350/350 147/147/147 351/351/351
f 147/147/147 349/349/349 351/351/351
f 351/351/351 349/349/349 353/353/353
f 349/349/349 343/343/343 353/353/353
f 353/353/353 343/343/343 350/350/350
f 343/343/343 350/350/350 350/350/350
f 350/350/350 350/350/350 354/354/354
f 350/350/350 353/353/353 354/354/354
f 354/354/354 353/353/353 353/353/353
f 353/353/353 355/355/355 353/353/353
f 353/353/353 355/355/355 343/343/343
f 355/355/355 356/356/356 343/343/343
f 343/343/343 356/356/356 357/357/357
f 356/356/356 358/358/358 357/357/357
f 357/357/357 358/358/358 358/358/358
f 358/358/358 359/359/359 358/358/358
f 358/358/358 359/359/359 356/356/356
f 359/359/359 360/360/360 356/356/356
f 356/356/356 360/360/360 361/361/361
f 360/360/360 362/362/362 361/361/361
f 361/361/361 362/362/362 362/362/362
f 362/362/362 363/363/363 362/362/362
f 362/362/362 363/363/363 360/360/360
f 363/363/363 364/364/364 360/360/360
f 360/360/360 364/364/364 361/361/361
f 364/364/364 360/360/360 361/361/361
f 361/361/361 360/360/360 360/360/360
f 360/360/360 365/365/365 360/360/360
f 360/360/360 365/365/365 364/364/364
f 365/365/365 359/359/359 364/364/364
f 364/364/364 359/359/359 366/366/366
f 359/359/359 367/367/367 366/366/366
f 366/366/366 367/367/367 367/367/367
f 367/367/367 368/368/368 367/367/367
f 367/367/367 368/368/368 359/359/359
f 368/368/368 369/369/369 359/359/359
f 359/359/359 369/369/369 370/370/370
f 369/369/369 371/371/371 370/370/370
f 370/370/370 371/371/371 371/371/371
f 371/371/371 372/372/372 371/371/371
f 371/371/371 372/372/372 369/369/369
f 372/372/372 372/372/372 369/369/369
f 369/369/369 372/372/372 371/371/371
f 372/372/372 373/373/373 371/371/371
f 371/371/371 373/373/373 373/373/373
f 373/373/373 374/374/374 373/373/373
f 373/373/373 374/374/374 372/372/372
f 374/374/374 375/375/375 372/372/372
f 372/372/372 375/375/375 356/356/356
f 375/375/375 376/376/376 356/356/356
f 356/356/356 376/376/376 374/374/374
f 376/376/376 373/373/373 374/374/374
f 374/374/374 373/373/373 368/368/368
f 373/373/373 368/368/368 368/368/368
f 368/368/368 368/368/368 367/367/367
f 368/368/368 374/374/374 367/367/367
f 367/367/367 374/374/374 362/362/362
f 374/374/374 376/376/376 362/362/362
f 362/362/362 376/376/376 377/377/377
f 376/376/376 377/377/377 377/377/377
f 377/377/377 377/377/377 363/363/363
f 377/377/377 362/362/362 363/363/363
f 363/363/363 362/362/362 378/378/378
f 362/362/362 357/357/357 378/378/378
f 378/378/378 357/357/357 356/356/356
f 357/357/357 356/356/356 356/356/356
f 356/356/356 356/356/356 375/375/375
f 356/356/356 378/378/378 375/375/375
f 375/375/375 378/378/378 379/379/379
f 378/378/378 380/380/380 379/379/379
f 379/379/379 380/380/380 381/381/381
f 380/380/380 381/381/381 381/381/381
f 381/381/381 381/381/381 382/382/382
f 381/381/381 379/379/379 382/382/382
f 382/382/382 379/379/379 364/364/364
f 379/379/379 383/383/383 364/364/364
f 364/364/364 383/383/383 384/384/384
f 383/383/383 384/384/384 384/384/384
f 384/384/384 384/384/384 361/361/361
f 384/384/384 364/364/364 361/361/361
f 361/361/361 364/364/364 380/380/380
f 364/364/364 385/385/385 380/380/380
f 380/380/380 385/385/385 386/386/386
f 385/385/385 386/386/386 386/386/386
f 386/386/386 386/386/386 381/381/381
f 386/386/386 380/380/380 381/381/381
f 381/381/381 380/380/380 387/387/387
f 380/380/380 362/362/362 387/387/387
f 387/387/387 362/362/362 361/361/361
f 362/362/362 361/361/361 361/361/361
f 361/361/361 361/361/361 384/384/384
f 361/361/361 387/387/387 384/384/384
f 384/384/384 387/387/387 362/362/362
f 387/387/387 387/387/387 362/362/362
f 362/362/362 387/387/387 382/382/382
f 387/387/387 382/382/382 382/382/382
f 382/382/382 382/382/382 376/376/376
f 382/382/382 362/362/362 376/376/376
f 376/376/376 362/362/362 359/359/359
f 362/362/362 358/358/358 359/359/359
f 359/359/359 358/358/358 388/388/388
f 358/358/358 388/388/388 388/388/388
f 388/388/388 388/388/388 366/366/366
f 388/388/388 359/359/359 366/366/366
f 366/366/366 359/359/359 380/380/380
f 359/359/359 379/379/379 380/380/380
f 380/380/380 379/379/379 389/389/389
f 379/379/379 389/389/389 389/389/389
f 389/389/389 389/389/389 390/390/390
f 389/389/389 380/380/380 390/390/390
f 390/390/390 380/380/380 391/391/391
f 380/380/380 389/389/389 391/391/391
f 391/391/391 389/389/389 379/379/379
f 389/389/389 379/379/379 379/379/379
f 379/379/379 379/379/379 392/392/392
f 379/379/379 391/391/391 392/392/392
f 392/392/392 391/391/391 393/393/393
f 391/391/391 394/394/394 393/393/393
f 393/393/393 394/394/394 395/395/395
f 394/394/394 395/395/395 395/395/395
f 395/395/395 395/395/395 396/396/396
f 395/395/395 393/393/393 396/396/396
f 396/396/396 393/393/393 392/392/392
f 393/393/393 394/394/394 392/392/392
f 392/392/392 394/394/394 393/393/393
f 394/394/394 393/393/393 393/393/393
f 393/393/393 393/393/393 391/391/391
f 393/393/393 392/392/392 391/391/391
f 391/391/391 392/392/392 359/359/359
f 392/392/392 377/377/377 359/359/359
f 359/359/359 377/377/377 356/356/356
f 377/377/377 397/397/397 356/356/356
f 356/356/356 397/397/397 358/358/358
f 397/397/397 357/357/357 358/358/358
f 358/358/358 357/357/357 397/397/397
f 357/357/357 357/357/357 397/397/397
f 397/397/397 357/357/357 398/398/398
f 357/357/357 399/399/399 398/398/398
f 398/398/398 399/399/399 388/388/388
f 399/399/399 358/358/358 388/388/388
f 388/388/388 358/358/358 358/358/358
f 358/358/358 400/400/400 358/358/358
f 358/358/358 400/400/400 399/399/399
f 400/400/400 385/385/385 399/399/399
f 399/399/399 385/385/385 401/401/401
f 385/385/385 402/402/402 401/401/401
f 401/401/401 402/402/402 402/402/402
f 402/402/402 386/386/386 402/402/402
f 402/402/402 386/386/386 385/385/385
f 386/386/386 385/385/385 385/385/385
f 385/385/385 385/385/385 380/380/380
f 385/385/385 390/390/390 380/380/380
f 380/380/380 390/390/390 390/390/390
f 390/390/390 403/403/403 390/390/390
f 390/390/390 403/403/403 385/385/385
f 403/403/403 385/385/385 385/385/385
f 385/385/385 385/385/385 403/403/403
f 385/385/385 404/404/404 403/403/403
f 403/403/403 404/404/404 404/404/404
f 404/404/404 401/401/401 404/404/404
f 404/404/404 401/401/401 385/385/385
f 401/401/401 367/367/367 385/385/385
f 385/385/385 367/367/367 366/366/366
f 367/367/367 355/355/355 366/366/366
f 366/366/366 355/355/355 355/355/355
f 355/355/355 353/353/353 355/355/355
f 355/355/355 353/353/353 367/367/367
f 353/353/353 374/374/374 367/367/367
f 367/367/367 374/374/374 367/367/367
f 374/374/374 353/353/353 367/367/367
f 367/367/367 353/353/353 353/353/353
f 353/353/353 354/354/354 353/353/353
f 353/353/353 354/354/354 374/374/374
f 354/354/354 372/372/372 374/374/374
f 374/374/374 372/372/372 374/374/374
f 372/372/372 354/354/354 374/374/374
f 374/374/374 354/354/354 354/354/354
f 354/354/354 352/352/352 354/354/354
f 354/354/354 352/352/352 372/372/372
f 352/352/352 366/366/366 372/372/372
f 372/372/372 366/366/366 388/388/388
f 366/366/366 344/344/344 388/388/388
f 388/388/388 344/344/344 344/344/344
f 344/344/344 355/355/355 344/344/344
f 344/344/344 355/355/355 366/366/366
f 355/355/355 344/344/344 366/366/366
f 366/366/366 344/344/344 388/388/388
f 344/344/344 399/399/399 388/388/388
f 388/388/388 399/399/399 399/399/399
f 399/399/399 405/405/405 399/399/399
f 399/399/399 405/405/405 344/344/344
f 405/405/405 372/372/372 344/344/344
f 344/344/344 372/372/372 352/352/352
f 372/372/372 406/406/406 352/352/352
f 352/352/352 406/406/406 406/406/406
f 406/406/406 369/369/369 406/406/406
f 406/406/406 369/369/369 372/372/372
f 369/369/369 369/369/369 372/372/372
f 372/372/372 369/369/369 406/406/406
f 369/369/369 407/407/407 406/406/406
f 406/406/406 407/407/407 205/205/205
f 407/407/407 344/344/344 205/205/205
f 205/205/205 344/344/344 405/405/405
f 344/344/344 405/405/405 405/405/405
f 405/405/405 405/405/405 206/206/206
f 405/405/405 205/205/205 206/206/206
f 206/206/206 205/205/205 207/207/207
f 205/205/205 407/407/407 207/207/207
f 207/207/207 407/407/407 209/209/209
f 407/407/407 209/209/209 209/209/209
f 209/209/209 209/209/209 208/208/208
f 209/209/209 207/207/207 208/208/208
f 208/208/208 207/207/207 209/209/209
f 207/207/207 407/407/407 209/209/209
f 209/209/209 407/407/407 406/406/406
f 407/407/407 406/406/406 406/406/406
f 406/406/406 406/406/406 210/210/210
f 406/406/406 209/209/209 210/210/210
f 210/210/210 209/209/209 406/406/406
f 209/209/209 352/352/352 406/406/406
f 406/406/406 352/352/352 351/351/351
f 352/352/352 406/406/406 351/351/351
f 351/351/351 406/406/406 351/351/351
f 406/406/406 210/210/210 351/351/351
f 351/351/351 210/210/210 210/210/210
f 210/210/210 351/351/351 210/210/210
f 210/210/210 351/351/351 147/147/147
f 351/351/351 351/351/351 147/147/147
f 147/147/147 351/351/351 350/350/350
f 351/351/351 349/349/349 350/350/350
f 350/350/350 349/349/349 350/350/350
f 349/349/349 352/352/352 350/350/350
f 350/350/350 352/352/352 354/354/354
f 352/352/352 344/344/344 354/354/354
f 354/354/354 344/344/344 340/340/340
f 344/344/344 355/355/355 340/340/340
f 340/340/340 355/355/355 328/328/328
f 355/355/355 279/279/279 328/328/328
f 328/328/328 279/279/279 327/327/327
f 279/279/279 290/290/290 327/327/327
f 327/327/327 290/290/290 327/327/327
f 290/290/290 279/279/279 327/327/327
f 327/327/327 279/279/279 285/285/285
f 279/279/279 284/284/284 285/285/285
f 285/285/285 284/284/284 331/331/331
f 284/284/284 285/285/285 331/331/331
f 331/331/331 285/285/285 287/287/287
f 285/285/285 293/293/293 287/287/287
f 287/287/287 293/293/293 267/267/267
f 293/293/293 408/408/408 267/267/267
f 267/267/267 408/408/408 263/263/263
f 408/408/408 408/408/408 263/263/263
f 263/263/263 408/408/408 264/264/264
f 408/408/408 263/263/263 264/264/264
f 264/264/264 263/263/263 323/323/323
f 263/263/263 325/325/325 323/323/323
f 323/323/323 325/325/325 303/303/303
f 325/325/325 398/398/398 303/303/303
f 303/303/303 398/398/398 357/357/357
f 398/398/398 378/378/378 357/357/357
f 357/357/357 378/378/378 376/376/376
f 378/378/378 356/356/356 376/376/376
f 376/376/376 356/356/356 377/377/377
f 356/356/356 245/245/245 377/377/377
f 377/377/377 245/245/245 230/230/230
f 245/245/245 260/260/260 230/230/230
f 230/230/230 260/260/260 242/242/242
f 260/260/260 251/251/251 242/242/242
f 242/242/242 251/251/251 236/236/236
f 251/251/251 344/344/344 236/236/236
f 236/236/236 344/344/344 213/213/213
f 344/344/344 212/212/212 213/213/213
f 213/213/213 212/212/212 212/212/212
f 212/212/212 137/137/137 212/212/212
f 212/212/212 137/137/137 344/344/344
f 137/137/137 249/249/249 344/344/344
f 344/344/344 249/249/249 37/37/37
f 249/249/249 62/62/62 37/37/37
f 37/37/37 62/62/62 297/297/297
f 62/62/62 299/299/299 297/297/297
f 297/297/297 299/299/299 289/289/289
f 299/299/299 259/259/259 289/289/289
f 289/289/289 259/259/259 249/249/249
f 259/259/259 253/253/253 249/249/249
f 249/249/249 253/253/253 252/252/252
f 253/253/253 259/259/259 252/252/252
f 252/252/252 259/259/259 253/253/253
f 259/259/259 343/343/343 253/253/253
f 253/253/253 343/343/343 355/355/355
f 343/343/343 340/340/340 355/355/355
f 355/355/355 340/340/340 335/335/335
f 340/340/340 336/336/336 335/335/335
f 335/335/335 336/336/336 337/337/337
f 336/336/336 337/337/337 337/337/337
f 337/337/337 337/337/337 294/294/294
f 337/337/337 335/335/335 294/294/294
f 294/294/294 335/335/335 337/337/337
f 335/335/335 313/313/313 337/337/337
f 337/337/337 313/313/313 294/294/294
f 313/313/313 294/294/294 294/294/294
f 294/294/294 294/294/294 313/313/313
f 294/294/294 295/295/295 313/313/313
f 313/313/313 295/295/295 302/302/302
f 295/295/295 304/304/304 302/302/302
f 302/302/302 304/304/304 313/313/313
f 304/304/304 272/272/272 313/313/313
f 313/313/313 272/272/272 235/235/235
f 272/272/272 271/271/271 235/235/235
f 235/235/235 271/271/271 273/273/273
f 271/271/271 271/271/271 273/273/273
f 273/273/273 271/271/271 258/258/258
f 271/271/271 294/294/294 258/258/258
f 258/258/258 294/294/294 287/287/287
f 294/294/294 335/335/335 287/287/287
f 287/287/287 335/335/335 293/293/293
f 335/335/335 295/295/295 293/293/293
f 293/293/293 295/295/295 292/292/292
f 295/295/295 322/322/322 292/292/292
f 292/292/292 322/322/322 307/307/307
f 322/322/322 339/339/339 307/307/307
f 307/307/307 339/339/339 205/205/205
f 339/339/339 213/213/213 205/205/205
f 205/205/205 213/213/213 344/344/344
f 213/213/213 382/382/382 344/344/344
f 344/344/344 382/382/382 381/381/381
f 382/382/382 375/375/375 381/381/381
f 381/381/381 375/375/375 375/375/375
f 375/375/375 376/376/376 375/375/375
f 375/375/375 376/376/376 382/382/382
f 376/376/376 394/394/394 382/382/382
f 382/382/382 394/394/394 384/384/384
f 394/394/394 383/383/383 384/384/384
f 384/384/384 383/383/383 383/383/383
f 383/383/383 395/395/395 383/383/383
f 383/383/383 395/395/395 394/394/394
f 395/395/395 375/375/375 394/394/394
f 394/394/394 375/375/375 381/381/381
f 375/375/375 386/386/386 381/381/381
f 381/381/381 386/386/386 386/386/386
f 386/386/386 378/378/378 386/386/386
f 386/386/386 378/378/378 375/375/375
f 378/378/378 392/392/392 375/375/375
f 375/375/375 392/392/392 387/387/387
f 392/392/392 384/384/384 387/387/387
f 387/387/387 384/384/384 384/384/384
f 384/384/384 394/394/394 384/384/384
f 384/384/384 394/394/394 392/392/392
f 394/394/394 379/379/379 392/392/392
f 392/392/392 379/379/379 382/382/382
f 379/379/379 387/387/387 382/382/382
f 382/382/382 387/387/387 387/387/387
f 387/387/387 392/392/392 387/387/387
f 387/387/387 392/392/392 379/379/379
f 392/392/392 386/386/386 379/379/379
f 379/379/379 386/386/386 402/402/402
f 386/386/386 398/398/398 402/402/402
f 402/402/402 398/398/398 398/398/398
f 398/398/398 378/378/378 398/398/398
f 398/398/398 378/378/378 386/386/386
f 378/378/378 359/359/359 386/386/386
f 386/386/386 359/359/359 368/368/368
f 359/359/359 377/377/377 368/368/368
f 368/368/368 377/377/377 368/368/368
f 377/377/377 373/373/373 368/368/368
f 368/368/368 373/373/373 363/363/363
f 373/373/373 363/363/363 363/363/363
f 363/363/363 363/363/363 377/377/377
f 363/363/363 368/368/368 377/377/377
f 377/377/377 368/368/368 373/373/373
f 368/368/368 371/371/371 373/373/373
f 373/373/373 371/371/371 360/360/360
f 371/371/371 360/360/360 360/360/360
f 360/360/360 360/360/360 363/363/363
f 360/360/360 373/373/373 363/363/363
f 363/363/363 373/373/373 360/360/360
f 373/373/373 371/371/371 360/360/360
f 360/360/360 371/371/371 370/370/370
f 371/371/371 370/370/370 370/370/370
f 370/370/370 370/370/370 365/365/365
f 370/370/370 360/360/360 365/365/365
f 365/365/365 360/360/360 400/400/400
f 360/360/360 358/358/358 400/400/400
f 400/400/400 358/358/358 397/397/397
f 358/358/358 214/214/214 397/397/397
f 397/397/397 214/214/214 409/409/409
f 214/214/214 136/136/136 409/409/409
f 409/409/409 136/136/136 341/341/341
f 136/136/136 410/410/410 341/341/341
f 341/341/341 410/410/410 411/411/411
f 410/410/410 411/411/411 411/411/411
f 411/411/411 411/411/411 342/342/342
f 411/411/411 341/341/341 342/342/342
f 342/342/342 341/341/341 411/411/411
f 341/341/341 412/412/412 411/411/411
f 411/411/411 412/412/412 347/347/347
f 412/412/412 347/347/347 347/347/347
f 347/347/347 347/347/347 342/342/342
f 347/347/347 411/411/411 342/342/342
f 342/342/342 411/411/411 412/412/412
f 411/411/411 413/413/413 412/412/412
f 412/412/412 413/413/413 346/346/346
f 413/413/413 346/346/346 346/346/346
f 346/346/346 346/346/346 347/347/347
f 346/346/346 412/412/412 347/347/347
f 347/347/347 412/412/412 346/346/346
f 412/412/412 413/413/413 346/346/346
f 346/346/346 413/413/413 220/220/220
f 413/413/413 220/220/220 220/220/220
f 220/220/220 220/220/220 141/141/141
f 220/220/220 346/346/346 141/141/141
f 141/141/141 346/346/346 136/136/136
f 346/346/346 409/409/409 136/136/136
f 136/136/136 409/409/409 410/410/410
f 409/409/409 410/410/410 410/410/410
f 410/410/410 410/410/410 341/341/341
f 410/410/410 136/136/136 341/341/341
f 341/341/341 136/136/136 254/254/254
f 136/136/136 229/229/229 254/254/254
f 254/254/254 229/229/229 228/228/228
f 229/229/229 37/37/37 228/228/228
f 228/228/228 37/37/37 254/254/254
f 37/37/37 221/221/221 254/254/254
